config_name,family,horizon_mode,scale,overall_mean_mae,mae_6h,mae_12h,mae_24h,ri_mae_24h,ri_bias_24h,ri_underpred_fraction,non_ri_mae_24h,non_ri_bias_24h,extreme95_mae_24h,false_dips,delta_overall_mae,delta_ri_24h_mae,delta_non_ri_24h_mae,storms_improved,storms_worsened,bootstrap_overall_ci_lower,bootstrap_overall_ci_upper,bootstrap_win_rate,p_val_paired_t,ri_signed_err,pos10_signed_err
0. Canonical Baseline (No Correction),Baseline,none,0.0,6.433967035130546,3.309891523145922,5.891468765612567,10.100540816633147,23.505395936135265,-23.418837284036254,0.9853300733496333,9.304347708315348,1.3909823519783209,15.743189408841902,0,0.0,0.0,0.0,0,0,0.0,0.0,50.0,,-23.418837284036254,-13.58896997249488
Ridge_24h_alpha_10,Ridge,24h_only,0.0,6.344732930013305,3.309891523145922,5.891468765612567,9.83283850128143,21.98609464905227,-21.095233313866817,0.9070904645476773,9.110985209902069,0.9066320430595965,15.027821192332384,0,-0.0892341051172405,-1.519301287082996,-0.19336249841327913,103,78,-0.11404050981340737,-0.0658348736048982,100.0,8.648725860615605e-12,-21.095233313866817,-12.976851149565404
Ridge_24h_alpha_50,Ridge,24h_only,0.0,6.343305540294177,3.309891523145922,5.891468765612567,9.828556332124045,22.008650857436045,-21.132937457822354,0.9070904645476773,9.105108951808534,0.9055584784969735,15.02475226223005,0,-0.0906614948363682,-1.4967450786992202,-0.19923875650681389,105,76,-0.1156873308977453,-0.06715066318129653,100.0,1.954292714177494e-12,-21.132937457822354,-13.00344783797843
Ridge_24h_alpha_100,Ridge,24h_only,0.0,6.342679312975304,3.309891523145922,5.891468765612567,9.826677650167426,22.00723262765151,-21.135385365569213,0.9070904645476773,9.10320292089194,0.9067923228599497,15.017843833641454,0,-0.09128772215524172,-1.498163308483754,-0.20114478742340758,105,76,-0.11650677668801553,-0.06778274548908833,100.0,8.982460116834516e-13,-21.135385365569213,-13.008870654169186
Ridge_24h_alpha_500,Ridge,24h_only,0.0,6.339434893636235,3.309891523145922,5.891468765612567,9.816944392150216,21.944107426699333,-21.064477741281095,0.9070904645476773,9.096640924080134,0.9176028705665236,14.985224774887948,0,-0.09453214149431055,-1.5612885094359328,-0.2077067842352136,104,77,-0.1187101901200575,-0.0716338848535772,100.0,1.2944685126698166e-14,-21.064477741281095,-12.977620465690686
Ridge_24h_alpha_1000,Ridge,24h_only,0.0,6.33750898471758,3.309891523145922,5.891468765612567,9.81116666539425,21.87366133640477,-20.978713151768833,0.9046454767726161,9.09470423140597,0.9288970570518289,14.976687073205207,0,-0.09645805041296551,-1.6317345997304962,-0.20964347690937757,106,75,-0.11970864722788259,-0.07394321082282378,100.0,3.497785505390037e-16,-20.978713151768833,-12.92803611030161
Ridge_24h_alpha_5000,Ridge,24h_only,0.0,6.337638633568993,3.309891523145922,5.891468765612567,9.811555611948492,21.495859898772537,-20.574360746862983,0.9046454767726161,9.117556127006432,0.9867757301371145,15.065158753729275,0,-0.09632840156155265,-2.0095360373627287,-0.18679158130891516,112,69,-0.11545803264358408,-0.0767407304984291,100.0,2.6991517233119323e-21,-20.574360746862983,-12.650788543055086
Ridge_AllHorizons_alpha_100,Ridge,all_horizons,0.0,6.055409046597977,2.891920163037249,5.447629167480809,9.826677809275877,22.007230040642334,-21.135383576956237,0.9070904645476773,9.103203243108453,0.9067918223423664,15.017843421169893,0,-0.3785579885325685,-1.4981658954929316,-0.20114446520689455,131,50,-0.42221752655928546,-0.3332949099036657,100.0,1.0176682242710726e-56,-21.135383576956237,-13.008871166283093
Ridge_AllHorizons_alpha_500,Ridge,all_horizons,0.0,6.0548871829090105,2.8966432285780357,5.451073955057818,9.816944365091178,21.944107243422337,-21.064477404693374,0.9070904645476773,9.096640906299799,0.917602449591408,14.985224421132218,0,-0.37907985222153506,-1.5612886927129281,-0.20770680201554903,133,48,-0.42225486714225935,-0.3362422348410428,100.0,1.504848120601468e-61,-21.064477404693374,-12.977620899372422
Ridge_AllHorizons_alpha_1000,Ridge,all_horizons,0.0,6.0560714184688615,2.902660253775605,5.454387421937301,9.81116657969368,21.873661291027272,-20.97871297290025,0.9046454767726161,9.094704143310373,0.9288966905256776,14.97668677539839,0,-0.37789561666168403,-1.6317346451079935,-0.20964356500497416,133,48,-0.4202095069616503,-0.3368970937813892,100.0,9.736747156732665e-66,-20.97871297290025,-12.928036710546847
Ridge_AllHorizons_alpha_5000,Ridge,all_horizons,0.0,6.081710594501303,2.943799698898067,5.489776509578321,9.811555575027521,21.49586022831044,-20.574361116331627,0.9046454767726161,9.117556068319313,0.9867753628319306,15.065158732954211,0,-0.352256440629243,-2.009535707824824,-0.18679163999603432,137,44,-0.38815892826302384,-0.3179882355532656,100.0,8.381950381168767e-78,-20.574361116331627,-12.65078900153173
MLP_24h_scale_5kt,MLP,24h_only,5.0,6.278621875922866,3.309891523145922,5.891468765612567,9.63450533901011,21.564568995618806,-21.27770779220829,0.9559902200488998,8.925908761090714,1.038978084621534,14.774573737861688,0,-0.15534515920767955,-1.9408269405164589,-0.3784389472246339,127,54,-0.17948754514377413,-0.13410559038813102,100.0,4.525495202587395e-39,-21.27770779220829,-12.473251126446337
MLP_AllHorizons_scale_5kt,MLP,all_horizons,5.0,5.944722266699109,2.838759555996993,5.36349639782639,9.631910846273943,21.95286158007777,-21.69365663483994,0.9559902200488998,8.900097188108715,1.059076554746213,14.846857224580448,0,-0.48924476843143694,-1.552534356057496,-0.40425052020663266,141,40,-0.5354564002480632,-0.44523007267189735,100.0,2.357396370358915e-99,-21.69365663483994,-12.685820025937806
MLP_24h_scale_10kt,MLP,24h_only,10.0,6.250687867560686,3.309891523145922,5.891468765612567,9.550703313923568,21.30516200100839,-20.94400054983189,0.9486552567237164,8.852536946944525,1.131181269052854,14.400278209594632,0,-0.18327916756985996,-2.2002339351268745,-0.45181076137082243,121,60,-0.21379491070390594,-0.15458193755404456,100.0,1.3585236869537415e-31,-20.94400054983189,-12.126971011141125
MLP_AllHorizons_scale_10kt,MLP,all_horizons,10.0,5.888626079599423,2.828702224162495,5.31076972592872,9.526406288707058,21.369985435290083,-21.003059759695073,0.9511002444987775,8.822946533994243,0.9986311378726318,14.462518534099459,0,-0.5453409555311222,-2.1354105008451825,-0.4814011743211051,138,43,-0.5985829576857846,-0.4945936101473159,100.0,9.25009014305196e-89,-21.003059759695073,-12.315344785540125
MLP_24h_scale_15kt,MLP,24h_only,15.0,6.2533079349470855,3.309891523145922,5.891468765612567,9.558563516082767,20.918206555862206,-20.374784482627067,0.9339853300733496,8.883847570211465,0.8339636158878926,14.444569265790655,0,-0.1806591001834601,-2.5871893802730597,-0.42050013810388265,120,61,-0.21134268579256374,-0.14955031696861473,100.0,6.886763504801149e-29,-20.374784482627067,-12.072763306146042
MLP_AllHorizons_scale_15kt,MLP,all_horizons,15.0,5.883028577493325,2.82893557516486,5.306492339751276,9.513657817563837,21.120792509099893,-20.71927305665277,0.9437652811735942,8.824241888310535,1.0776609315404473,14.42537666280093,0,-0.5509384576372209,-2.3846034270353726,-0.4801058200048125,137,44,-0.6046448026352684,-0.4996023224149829,100.0,1.4222333262902835e-86,-20.71927305665277,-12.113234055553116
MLP_24h_scale_20kt,MLP,24h_only,20.0,6.246444178997109,3.309891523145922,5.891468765612567,9.537972248232837,20.769396517161635,-20.218127849231724,0.9290953545232273,8.870871968536079,1.2054714973399183,14.375496115675583,0,-0.18752285613343656,-2.7359994189736305,-0.43347573977926857,119,62,-0.22267192269556246,-0.1540226691490917,100.0,1.3141402407316467e-26,-20.218127849231724,-11.676300866649342
MLP_AllHorizons_scale_20kt,MLP,all_horizons,20.0,5.88479828399812,2.830679143483441,5.307312242031475,9.516403466479446,21.096074616147117,-20.674093084430325,0.9437652811735942,8.828618758344959,1.1119664336744968,14.457815753072849,0,-0.5491687511324255,-2.4093213199881482,-0.4757289499703887,136,45,-0.601612960247707,-0.49706468846247587,100.0,1.4228028417121278e-85,-20.674093084430325,-12.067164842054481
