cyclone_id,storm_name,basin,atcf_id,timestamp,temporal_offset_h,tcir_lat,tcir_lon,tcir_vmax,tcir_mslp,ships_lat,ships_lon,center_dist_km,rsst_c,cohc_kj_cm2,shrd_kt,rhmd_pct,dtl_km
201003I,Super Cyclone Phet,IO,IO032010,2010053100,0,14.5,64.4,25.0,1004.0,14.5,64.4,0.0,31.5,77.0,17.5,57.0,897.0
201003I,Super Cyclone Phet,IO,IO032010,2010053103,-3,14.6,64.3,28.0,1003.0,14.5,64.4,15.5,31.5,77.0,17.5,57.0,897.0
201003I,Super Cyclone Phet,IO,IO032010,2010053106,0,14.7,64.2,30.0,1001.0,14.7,64.2,0.0,31.5,74.0,14.0,50.0,867.0
201003I,Super Cyclone Phet,IO,IO032010,2010053109,-3,14.8,64.1,30.0,1001.0,14.7,64.2,15.5,31.5,74.0,14.0,50.0,867.0
201003I,Super Cyclone Phet,IO,IO032010,2010053112,0,15.0,64.0,30.0,1000.0,15.0,64.0,0.0,31.5,71.0,15.6,49.0,830.0
201003I,Super Cyclone Phet,IO,IO032010,2010053115,-3,15.2,63.9,33.0,998.0,15.0,64.0,24.7,31.5,71.0,15.6,49.0,830.0
201003I,Super Cyclone Phet,IO,IO032010,2010053118,0,15.4,63.7,35.0,996.0,15.4,63.7,0.0,31.5,69.0,14.7,52.0,779.0
201003I,Super Cyclone Phet,IO,IO032010,2010053121,-3,15.6,63.5,40.0,993.0,15.4,63.7,30.9,31.5,69.0,14.7,52.0,779.0
201003I,Super Cyclone Phet,IO,IO032010,2010060100,0,15.8,63.2,45.0,989.0,15.8,63.2,0.0,31.5,64.0,16.5,51.0,710.0
201003I,Super Cyclone Phet,IO,IO032010,2010060103,-3,16.1,63.0,50.0,986.0,15.8,63.2,39.6,31.5,64.0,16.5,51.0,710.0
201003I,Super Cyclone Phet,IO,IO032010,2010060106,0,16.3,62.7,55.0,982.0,16.3,62.7,0.0,31.5,60.0,12.7,47.0,636.0
201003I,Super Cyclone Phet,IO,IO032010,2010060109,-3,16.6,62.5,58.0,980.0,16.3,62.7,39.6,31.5,60.0,12.7,47.0,636.0
201003I,Super Cyclone Phet,IO,IO032010,2010060112,0,16.8,62.3,60.0,978.0,16.8,62.3,0.0,31.5,56.0,8.3,42.0,573.0
201003I,Super Cyclone Phet,IO,IO032010,2010060115,-3,17.0,62.0,68.0,973.0,16.8,62.3,38.9,31.5,56.0,8.3,42.0,573.0
201003I,Super Cyclone Phet,IO,IO032010,2010060118,0,17.1,61.6,75.0,967.0,17.1,61.6,0.0,31.4,53.0,15.5,46.0,491.0
201003I,Super Cyclone Phet,IO,IO032010,2010060121,-3,17.2,61.3,83.0,962.0,17.1,61.6,33.8,31.4,53.0,15.5,46.0,491.0
201003I,Super Cyclone Phet,IO,IO032010,2010060200,0,17.4,61.0,90.0,956.0,17.4,61.0,0.0,31.3,50.0,15.8,43.0,420.0
201003I,Super Cyclone Phet,IO,IO032010,2010060203,-3,17.6,60.8,103.0,947.0,17.4,61.0,30.7,31.3,50.0,15.8,43.0,420.0
201003I,Super Cyclone Phet,IO,IO032010,2010060206,0,17.8,60.5,115.0,937.0,17.8,60.5,0.0,31.1,50.0,17.6,41.0,353.0
201003I,Super Cyclone Phet,IO,IO032010,2010060209,-3,18.0,60.2,120.0,933.0,17.8,60.5,38.8,31.1,50.0,17.6,41.0,353.0
201003I,Super Cyclone Phet,IO,IO032010,2010060212,0,18.2,60.0,125.0,929.0,18.2,60.0,0.0,30.7,48.0,20.7,43.0,288.0
201003I,Super Cyclone Phet,IO,IO032010,2010060215,-3,18.3,59.9,123.0,931.0,18.2,60.0,15.3,30.7,48.0,20.7,43.0,288.0
201003I,Super Cyclone Phet,IO,IO032010,2010060218,0,18.4,59.7,120.0,933.0,18.4,59.7,0.0,30.5,47.0,24.7,44.0,250.0
201003I,Super Cyclone Phet,IO,IO032010,2010060221,-3,18.4,59.7,120.0,933.0,18.4,59.7,0.0,30.5,47.0,24.7,44.0,250.0
201003I,Super Cyclone Phet,IO,IO032010,2010060300,0,18.5,59.6,120.0,933.0,18.5,59.6,0.0,30.4,45.0,24.4,46.0,237.0
201003I,Super Cyclone Phet,IO,IO032010,2010060303,-3,18.8,59.6,118.0,935.0,18.5,59.6,33.4,30.4,45.0,24.4,46.0,237.0
201003I,Super Cyclone Phet,IO,IO032010,2010060306,0,19.1,59.6,115.0,937.0,19.1,59.6,0.0,30.2,44.0,18.7,41.0,209.0
201003I,Super Cyclone Phet,IO,IO032010,2010060309,-3,19.6,59.5,113.0,939.0,19.1,59.6,56.6,30.2,44.0,18.7,41.0,209.0
201003I,Super Cyclone Phet,IO,IO032010,2010060312,0,20.0,59.5,110.0,941.0,20.0,59.5,0.0,30.1,41.0,11.1,39.0,140.0
201003I,Super Cyclone Phet,IO,IO032010,2010060315,-3,20.4,59.4,108.0,943.0,20.0,59.5,45.7,30.1,41.0,11.1,39.0,140.0
201003I,Super Cyclone Phet,IO,IO032010,2010060318,0,20.8,59.2,105.0,944.0,20.8,59.2,0.0,30.1,30.0,7.7,39.0,59.0
201003I,Super Cyclone Phet,IO,IO032010,2010060321,-3,21.1,59.2,98.0,950.0,20.8,59.2,33.4,30.1,30.0,7.7,39.0,59.0
201003I,Super Cyclone Phet,IO,IO032010,2010060400,0,21.5,59.1,90.0,956.0,21.5,59.1,0.0,30.3,17.0,8.6,34.0,2.0
201003I,Super Cyclone Phet,IO,IO032010,2010060403,-3,21.9,59.2,83.0,962.0,21.5,59.1,45.7,30.3,17.0,8.6,34.0,2.0
201003I,Super Cyclone Phet,IO,IO032010,2010060406,0,22.3,59.2,75.0,967.0,22.3,59.2,0.0,30.8,13.0,7.1,31.0,-35.0
201003I,Super Cyclone Phet,IO,IO032010,2010060409,-3,22.6,59.3,70.0,971.0,22.3,59.2,34.9,30.8,13.0,7.1,31.0,-35.0
201003I,Super Cyclone Phet,IO,IO032010,2010060412,0,23.0,59.4,65.0,974.0,23.0,59.4,0.0,31.0,16.0,7.1,28.0,25.0
201003I,Super Cyclone Phet,IO,IO032010,2010060415,-3,23.3,59.5,60.0,978.0,23.0,59.4,34.9,31.0,16.0,7.1,28.0,25.0
201003I,Super Cyclone Phet,IO,IO032010,2010060418,0,23.6,59.7,55.0,982.0,23.6,59.7,0.0,31.1,19.0,8.9,28.0,91.0
201003I,Super Cyclone Phet,IO,IO032010,2010060421,-3,23.8,60.0,50.0,986.0,23.6,59.7,37.8,31.1,19.0,8.9,28.0,91.0
201003I,Super Cyclone Phet,IO,IO032010,2010060500,0,23.9,60.3,45.0,989.0,23.9,60.3,0.0,30.4,21.0,7.6,30.0,147.0
201003I,Super Cyclone Phet,IO,IO032010,2010060503,-3,23.9,60.6,43.0,991.0,23.9,60.3,30.5,30.4,21.0,7.6,30.0,147.0
201003I,Super Cyclone Phet,IO,IO032010,2010060506,0,23.8,61.0,40.0,993.0,23.8,61.0,0.0,30.2,22.0,2.3,29.0,149.0
201003I,Super Cyclone Phet,IO,IO032010,2010060509,-3,23.6,61.3,40.0,993.0,23.8,61.0,37.8,30.2,22.0,2.3,29.0,149.0
201003I,Super Cyclone Phet,IO,IO032010,2010060512,0,23.5,61.6,40.0,993.0,23.5,61.6,0.0,30.1,25.0,10.7,34.0,179.0
201003I,Super Cyclone Phet,IO,IO032010,2010060515,-3,23.4,62.0,38.0,995.0,23.5,61.6,42.3,30.1,25.0,10.7,34.0,179.0
201003I,Super Cyclone Phet,IO,IO032010,2010060518,0,23.2,62.4,35.0,996.0,23.2,62.4,0.0,30.1,28.0,2.1,35.0,224.0
201003I,Super Cyclone Phet,IO,IO032010,2010060521,-3,23.0,63.2,35.0,996.0,23.2,62.4,84.8,30.1,28.0,2.1,35.0,224.0
201003I,Super Cyclone Phet,IO,IO032010,2010060600,0,22.9,64.1,35.0,996.0,22.9,64.1,0.0,30.4,37.0,6.3,41.0,259.0
201003I,Super Cyclone Phet,IO,IO032010,2010060603,-3,23.1,64.9,35.0,996.0,22.9,64.1,84.9,30.4,37.0,6.3,41.0,259.0
201003I,Super Cyclone Phet,IO,IO032010,2010060606,0,23.4,65.8,35.0,996.0,23.4,65.8,0.0,30.3,41.0,22.4,43.0,182.0
201003I,Super Cyclone Phet,IO,IO032010,2010060609,-3,24.0,66.5,33.0,998.0,23.4,65.8,97.6,30.3,41.0,22.4,43.0,182.0
201003I,Super Cyclone Phet,IO,IO032010,2010060612,0,24.6,67.3,30.0,1000.0,24.6,67.3,0.0,29.7,32.0,31.3,48.0,-19.0
201003I,Super Cyclone Phet,IO,IO032010,2010060615,-3,24.9,67.8,30.0,1000.0,24.6,67.3,60.5,29.7,32.0,31.3,48.0,-19.0
201003I,Super Cyclone Phet,IO,IO032010,2010060618,0,25.2,68.3,30.0,1000.0,25.2,68.3,0.0,29.4,36.0,,,-139.0
201003I,Super Cyclone Phet,IO,IO032010,2010060621,-3,25.7,69.2,28.0,1002.0,25.2,68.3,106.1,29.4,36.0,,,-139.0
201003I,Super Cyclone Phet,IO,IO032010,2010060700,0,26.2,70.1,25.0,1004.0,26.2,70.1,0.0,28.0,36.0,,,-333.0
201003I,Super Cyclone Phet,IO,IO032010,2010060703,-3,26.9,71.7,28.0,1002.0,26.2,70.1,177.2,28.0,36.0,,,-333.0
200801I,VSCS Nargis,IO,IO012008,2008042618,0,11.5,87.2,25.0,1004.0,11.5,87.2,0.0,30.1,81.0,7.9,66.0,726.0
200801I,VSCS Nargis,IO,IO012008,2008042621,-3,11.6,87.0,25.0,1003.0,11.5,87.2,24.5,30.1,81.0,7.9,66.0,726.0
200801I,VSCS Nargis,IO,IO012008,2008042700,0,11.6,86.7,25.0,1002.0,11.6,86.7,0.0,30.1,84.0,9.5,62.0,686.0
200801I,VSCS Nargis,IO,IO012008,2008042703,-3,11.6,86.5,28.0,1001.0,11.6,86.7,21.8,30.1,84.0,9.5,62.0,686.0
200801I,VSCS Nargis,IO,IO012008,2008042706,0,11.7,86.3,30.0,1000.0,11.7,86.3,0.0,30.1,88.0,7.7,58.0,655.0
200801I,VSCS Nargis,IO,IO012008,2008042709,-3,11.9,86.1,33.0,998.0,11.7,86.3,31.1,30.1,88.0,7.7,58.0,655.0
200801I,VSCS Nargis,IO,IO012008,2008042712,0,12.2,85.9,35.0,996.0,12.2,85.9,0.0,30.1,90.0,10.4,58.0,605.0
200801I,VSCS Nargis,IO,IO012008,2008042715,-3,12.3,85.8,40.0,993.0,12.2,85.9,15.5,30.1,90.0,10.4,58.0,605.0
200801I,VSCS Nargis,IO,IO012008,2008042718,0,12.5,85.7,45.0,989.0,12.5,85.7,0.0,30.1,91.0,9.5,55.0,566.0
200801I,VSCS Nargis,IO,IO012008,2008042721,-3,12.7,85.7,50.0,986.0,12.5,85.7,22.2,30.1,91.0,9.5,55.0,566.0
200801I,VSCS Nargis,IO,IO012008,2008042800,0,12.8,85.6,55.0,982.0,12.8,85.6,0.0,30.1,92.0,8.8,52.0,534.0
200801I,VSCS Nargis,IO,IO012008,2008042803,-3,12.9,85.6,60.0,978.0,12.8,85.6,11.1,30.1,92.0,8.8,52.0,534.0
200801I,VSCS Nargis,IO,IO012008,2008042806,0,13.1,85.6,65.0,974.0,13.1,85.6,0.0,30.1,92.0,0.3,48.0,510.0
200801I,VSCS Nargis,IO,IO012008,2008042809,-3,13.0,85.4,68.0,972.0,13.1,85.6,24.4,30.1,92.0,0.3,48.0,510.0
200801I,VSCS Nargis,IO,IO012008,2008042812,0,12.9,85.3,70.0,970.0,12.9,85.3,0.0,30.1,93.0,8.2,50.0,504.0
200801I,VSCS Nargis,IO,IO012008,2008042815,-3,13.1,85.3,73.0,969.0,12.9,85.3,22.2,30.1,93.0,8.2,50.0,504.0
200801I,VSCS Nargis,IO,IO012008,2008042818,0,13.2,85.3,75.0,967.0,13.2,85.3,0.0,30.1,92.0,13.4,56.0,479.0
200801I,VSCS Nargis,IO,IO012008,2008042821,-3,13.2,85.4,75.0,967.0,13.2,85.3,10.8,30.1,92.0,13.4,56.0,479.0
200801I,VSCS Nargis,IO,IO012008,2008042900,0,13.3,85.6,75.0,967.0,13.3,85.6,0.0,30.1,91.0,11.1,56.0,495.0
200801I,VSCS Nargis,IO,IO012008,2008042903,-3,13.2,85.7,75.0,967.0,13.3,85.6,15.5,30.1,91.0,11.1,56.0,495.0
200801I,VSCS Nargis,IO,IO012008,2008042906,0,13.1,85.8,75.0,967.0,13.1,85.8,0.0,30.1,91.0,6.3,53.0,526.0
200801I,VSCS Nargis,IO,IO012008,2008042909,-3,13.3,86.0,73.0,969.0,13.1,85.8,31.0,30.1,91.0,6.3,53.0,526.0
200801I,VSCS Nargis,IO,IO012008,2008042912,0,13.5,86.2,70.0,970.0,13.5,86.2,0.0,30.1,88.0,6.0,50.0,530.0
200801I,VSCS Nargis,IO,IO012008,2008042915,-3,13.8,86.4,70.0,970.0,13.5,86.2,39.7,30.1,88.0,6.0,50.0,530.0
200801I,VSCS Nargis,IO,IO012008,2008042918,0,14.0,86.6,70.0,970.0,14.0,86.6,0.0,30.1,86.0,3.3,52.0,537.0
200801I,VSCS Nargis,IO,IO012008,2008042921,-3,14.2,86.7,70.0,970.0,14.0,86.6,24.7,30.1,86.0,3.3,52.0,537.0
200801I,VSCS Nargis,IO,IO012008,2008043000,0,14.4,86.7,70.0,970.0,14.4,86.7,0.0,30.1,85.0,5.8,53.0,521.0
200801I,VSCS Nargis,IO,IO012008,2008043003,-3,14.6,86.8,65.0,974.0,14.4,86.7,24.7,30.1,85.0,5.8,53.0,521.0
200801I,VSCS Nargis,IO,IO012008,2008043006,0,14.7,87.0,60.0,978.0,14.7,87.0,0.0,30.0,86.0,7.0,47.0,516.0
200801I,VSCS Nargis,IO,IO012008,2008043009,-3,14.8,87.2,63.0,976.0,14.7,87.0,24.2,30.0,86.0,7.0,47.0,516.0
200801I,VSCS Nargis,IO,IO012008,2008043012,0,15.0,87.5,65.0,974.0,15.0,87.5,0.0,30.0,89.0,10.0,49.0,526.0
200801I,VSCS Nargis,IO,IO012008,2008043015,-3,15.2,87.8,65.0,974.0,15.0,87.5,39.1,30.0,89.0,10.0,49.0,526.0
200801I,VSCS Nargis,IO,IO012008,2008043018,0,15.3,88.2,65.0,974.0,15.3,88.2,0.0,30.0,89.0,9.9,53.0,549.0
200801I,VSCS Nargis,IO,IO012008,2008043021,-3,15.4,88.6,65.0,974.0,15.3,88.2,44.3,30.0,89.0,9.9,53.0,549.0
200801I,VSCS Nargis,IO,IO012008,2008050100,0,15.6,89.0,65.0,974.0,15.6,89.0,0.0,30.0,85.0,10.5,52.0,557.0
200801I,VSCS Nargis,IO,IO012008,2008050103,-3,15.8,89.4,68.0,972.0,15.6,89.0,48.2,30.0,85.0,10.5,52.0,557.0
200801I,VSCS Nargis,IO,IO012008,2008050106,0,15.9,89.8,70.0,970.0,15.9,89.8,0.0,29.9,81.0,15.8,54.0,481.0
200801I,VSCS Nargis,IO,IO012008,2008050109,-3,15.9,90.2,85.0,959.0,15.9,89.8,42.8,29.9,81.0,15.8,54.0,481.0
200801I,VSCS Nargis,IO,IO012008,2008050112,0,15.9,90.7,100.0,948.0,15.9,90.7,0.0,29.9,73.0,11.6,59.0,385.0
200801I,VSCS Nargis,IO,IO012008,2008050115,-3,15.9,91.2,100.0,948.0,15.9,90.7,53.5,29.9,73.0,11.6,59.0,385.0
200801I,VSCS Nargis,IO,IO012008,2008050118,0,15.8,91.7,100.0,948.0,15.8,91.7,0.0,29.8,70.0,10.8,63.0,279.0
200801I,VSCS Nargis,IO,IO012008,2008050121,-3,15.8,92.2,105.0,945.0,15.8,91.7,53.5,29.8,70.0,10.8,63.0,279.0
200801I,VSCS Nargis,IO,IO012008,2008050200,0,15.8,92.7,110.0,941.0,15.8,92.7,0.0,29.6,69.0,13.3,64.0,172.0
200801I,VSCS Nargis,IO,IO012008,2008050203,-3,15.9,93.2,113.0,939.0,15.8,92.7,54.6,29.6,69.0,13.3,64.0,172.0
200801I,VSCS Nargis,IO,IO012008,2008050206,0,15.9,93.6,115.0,937.0,15.9,93.6,0.0,29.5,66.0,13.5,67.0,76.0
200801I,VSCS Nargis,IO,IO012008,2008050209,-3,15.9,94.2,115.0,937.0,15.9,93.6,64.2,29.5,66.0,13.5,67.0,76.0
200801I,VSCS Nargis,IO,IO012008,2008050212,0,16.0,94.7,115.0,937.0,16.0,94.7,0.0,29.6,59.0,12.3,65.0,-11.0
200801I,VSCS Nargis,IO,IO012008,2008050215,-3,16.2,95.2,100.0,950.0,16.0,94.7,57.9,29.6,59.0,12.3,65.0,-11.0
200801I,VSCS Nargis,IO,IO012008,2008050218,0,16.4,95.6,85.0,963.0,16.4,95.6,0.0,29.9,54.0,8.7,66.0,-52.0
200801I,VSCS Nargis,IO,IO012008,2008050221,-3,16.6,96.0,78.0,967.0,16.4,95.6,48.1,29.9,54.0,8.7,66.0,-52.0
200801I,VSCS Nargis,IO,IO012008,2008050300,0,16.8,96.4,70.0,970.0,16.8,96.4,0.0,30.2,50.0,11.9,69.0,-37.0
200801I,VSCS Nargis,IO,IO012008,2008050303,-3,17.1,96.8,60.0,978.0,16.8,96.4,54.1,30.2,50.0,11.9,69.0,-37.0
200801I,VSCS Nargis,IO,IO012008,2008050306,0,17.4,97.1,50.0,985.0,17.4,97.1,0.0,30.0,16.0,7.3,68.0,-67.0
200801I,VSCS Nargis,IO,IO012008,2008050309,-3,17.9,97.3,45.0,989.0,17.4,97.1,59.5,30.0,16.0,7.3,68.0,-67.0
200801I,VSCS Nargis,IO,IO012008,2008050312,0,18.3,97.6,40.0,993.0,18.3,97.6,0.0,29.0,9.0,4.9,71.0,-177.0
200801I,VSCS Nargis,IO,IO012008,2008050315,-3,18.9,97.7,35.0,997.0,18.3,97.6,67.5,29.0,9.0,4.9,71.0,-177.0
200801I,VSCS Nargis,IO,IO012008,2008050318,0,19.4,97.8,30.0,1000.0,19.4,97.8,0.0,28.4,9.0,,,-300.0
200801I,VSCS Nargis,IO,IO012008,2008050321,-3,20.1,98.2,28.0,1002.0,19.4,97.8,88.4,28.4,9.0,,,-300.0
200801I,VSCS Nargis,IO,IO012008,2008050400,0,20.8,98.5,25.0,1004.0,20.8,98.5,0.0,27.9,9.0,,,-471.0
201004I,Super Cyclone Giri,IO,IO042010,2010102000,0,17.0,92.1,25.0,1004.0,17.0,92.1,0.0,29.7,74.0,10.6,69.0,254.0
201004I,Super Cyclone Giri,IO,IO042010,2010102003,-3,17.0,91.9,28.0,1002.0,17.0,92.1,21.3,29.7,74.0,10.6,69.0,254.0
201004I,Super Cyclone Giri,IO,IO042010,2010102006,0,17.0,91.8,30.0,1000.0,17.0,91.8,0.0,29.7,75.0,8.4,67.0,285.0
201004I,Super Cyclone Giri,IO,IO042010,2010102009,-3,16.9,91.7,30.0,1000.0,17.0,91.8,15.4,29.7,75.0,8.4,67.0,285.0
201004I,Super Cyclone Giri,IO,IO042010,2010102012,0,16.8,91.5,30.0,1000.0,16.8,91.5,0.0,29.6,75.0,8.8,69.0,310.0
201004I,Super Cyclone Giri,IO,IO042010,2010102015,-3,17.0,91.5,33.0,998.0,16.8,91.5,22.2,29.6,75.0,8.8,69.0,310.0
201004I,Super Cyclone Giri,IO,IO042010,2010102018,0,17.1,91.6,35.0,996.0,17.1,91.6,0.0,29.6,75.0,14.0,70.0,307.0
201004I,Super Cyclone Giri,IO,IO042010,2010102021,-3,17.2,91.5,43.0,991.0,17.1,91.6,15.4,29.6,75.0,14.0,70.0,307.0
201004I,Super Cyclone Giri,IO,IO042010,2010102100,0,17.3,91.5,50.0,985.0,17.3,91.5,0.0,29.7,75.0,9.4,68.0,311.0
201004I,Super Cyclone Giri,IO,IO042010,2010102103,-3,17.4,91.7,53.0,984.0,17.3,91.5,24.0,29.7,75.0,9.4,68.0,311.0
201004I,Super Cyclone Giri,IO,IO042010,2010102106,0,17.5,91.8,55.0,982.0,17.5,91.8,0.0,29.7,75.0,12.8,72.0,274.0
201004I,Super Cyclone Giri,IO,IO042010,2010102109,-3,17.6,92.0,60.0,978.0,17.5,91.8,23.9,29.7,75.0,12.8,72.0,274.0
201004I,Super Cyclone Giri,IO,IO042010,2010102112,0,17.8,92.2,65.0,974.0,17.8,92.2,0.0,29.8,74.0,8.5,74.0,225.0
201004I,Super Cyclone Giri,IO,IO042010,2010102115,-3,18.0,92.3,68.0,972.0,17.8,92.2,24.6,29.8,74.0,8.5,74.0,225.0
201004I,Super Cyclone Giri,IO,IO042010,2010102118,0,18.1,92.4,70.0,970.0,18.1,92.4,0.0,29.8,73.0,6.6,74.0,193.0
201004I,Super Cyclone Giri,IO,IO042010,2010102121,-3,18.3,92.5,80.0,963.0,18.1,92.4,24.6,29.8,73.0,6.6,74.0,193.0
201004I,Super Cyclone Giri,IO,IO042010,2010102200,0,18.5,92.6,90.0,956.0,18.5,92.6,0.0,29.8,73.0,4.4,75.0,148.0
201004I,Super Cyclone Giri,IO,IO042010,2010102203,-3,18.8,92.8,108.0,943.0,18.5,92.6,39.5,29.8,73.0,4.4,75.0,148.0
201004I,Super Cyclone Giri,IO,IO042010,2010102206,0,19.0,93.0,125.0,929.0,19.0,93.0,0.0,29.9,74.0,5.8,76.0,80.0
201004I,Super Cyclone Giri,IO,IO042010,2010102209,-3,19.4,93.2,130.0,926.0,19.0,93.0,49.2,29.9,74.0,5.8,76.0,80.0
201004I,Super Cyclone Giri,IO,IO042010,2010102212,0,19.8,93.3,135.0,922.0,19.8,93.3,0.0,29.9,76.0,9.3,79.0,0.0
201004I,Super Cyclone Giri,IO,IO042010,2010102215,-3,20.1,93.5,108.0,943.0,19.8,93.3,39.4,29.9,76.0,9.3,79.0,0.0
201004I,Super Cyclone Giri,IO,IO042010,2010102218,0,20.5,93.8,80.0,963.0,20.5,93.8,0.0,29.8,79.0,9.3,81.0,-90.0
201004I,Super Cyclone Giri,IO,IO042010,2010102221,-3,20.9,94.4,68.0,973.0,20.5,93.8,76.6,29.8,79.0,9.3,81.0,-90.0
201004I,Super Cyclone Giri,IO,IO042010,2010102300,0,21.3,95.0,55.0,982.0,21.3,95.0,0.0,29.1,79.0,11.6,74.0,-242.0
201004I,Super Cyclone Giri,IO,IO042010,2010102303,-3,21.7,95.2,48.0,988.0,21.3,95.0,49.1,29.1,79.0,11.6,74.0,-242.0
201004I,Super Cyclone Giri,IO,IO042010,2010102306,0,22.1,95.5,40.0,993.0,22.1,95.5,0.0,28.7,79.0,13.7,72.0,-338.0
201004I,Super Cyclone Giri,IO,IO042010,2010102309,-3,22.4,95.8,38.0,995.0,22.1,95.5,45.5,28.7,79.0,13.7,72.0,-338.0
201004I,Super Cyclone Giri,IO,IO042010,2010102312,0,22.7,96.2,35.0,996.0,22.7,96.2,0.0,28.3,79.0,14.1,74.0,-436.0
201004I,Super Cyclone Giri,IO,IO042010,2010102315,-3,22.9,96.8,35.0,996.0,22.7,96.2,65.4,28.3,79.0,14.1,74.0,-436.0
201004I,Super Cyclone Giri,IO,IO042010,2010102318,0,23.0,97.4,35.0,996.0,23.0,97.4,0.0,27.9,79.0,,,-551.0
201004I,Super Cyclone Giri,IO,IO042010,2010102321,-3,23.4,98.6,33.0,998.0,23.0,97.4,130.5,27.9,79.0,,,-551.0
201004I,Super Cyclone Giri,IO,IO042010,2010102400,0,23.7,99.8,30.0,1000.0,23.7,99.8,0.0,27.2,79.0,,,-757.0
201403I,Cyclone Hudhud,IO,IO032014,2014100618,0,10.8,95.6,25.0,1004.0,10.8,95.6,0.0,29.5,70.0,15.8,86.0,317.0
201403I,Cyclone Hudhud,IO,IO032014,2014100621,-3,10.9,95.4,25.0,1004.0,10.8,95.6,24.5,29.5,70.0,15.8,86.0,317.0
201403I,Cyclone Hudhud,IO,IO032014,2014100700,0,11.0,95.2,25.0,1004.0,11.0,95.2,0.0,29.5,71.0,16.3,85.0,362.0
201403I,Cyclone Hudhud,IO,IO032014,2014100703,-3,11.1,95.0,25.0,1004.0,11.0,95.2,24.5,29.5,71.0,16.3,85.0,362.0
201403I,Cyclone Hudhud,IO,IO032014,2014100706,0,11.2,94.7,25.0,1004.0,11.2,94.7,0.0,29.5,72.0,16.1,85.0,410.0
201403I,Cyclone Hudhud,IO,IO032014,2014100709,-3,11.3,94.5,28.0,1002.0,11.2,94.7,24.5,29.5,72.0,16.1,85.0,410.0
201403I,Cyclone Hudhud,IO,IO032014,2014100712,0,11.4,94.2,30.0,1000.0,11.4,94.2,0.0,29.5,70.0,16.1,84.0,460.0
201403I,Cyclone Hudhud,IO,IO032014,2014100715,-3,11.6,93.8,30.0,1000.0,11.4,94.2,48.9,29.5,70.0,16.1,84.0,460.0
201403I,Cyclone Hudhud,IO,IO032014,2014100718,0,11.8,93.5,30.0,1000.0,11.8,93.5,0.0,29.5,65.0,19.3,84.0,472.0
201403I,Cyclone Hudhud,IO,IO032014,2014100721,-3,12.0,93.1,33.0,998.0,11.8,93.5,48.9,29.5,65.0,19.3,84.0,472.0
201403I,Cyclone Hudhud,IO,IO032014,2014100800,0,12.2,92.7,35.0,996.0,12.2,92.7,0.0,29.5,61.0,17.3,81.0,456.0
201403I,Cyclone Hudhud,IO,IO032014,2014100803,-3,12.4,92.2,38.0,995.0,12.2,92.7,58.7,29.5,61.0,17.3,81.0,456.0
201403I,Cyclone Hudhud,IO,IO032014,2014100806,0,12.6,91.7,40.0,993.0,12.6,91.7,0.0,29.4,60.0,19.2,79.0,470.0
201403I,Cyclone Hudhud,IO,IO032014,2014100809,-3,12.8,91.2,43.0,991.0,12.6,91.7,58.6,29.4,60.0,19.2,79.0,470.0
201403I,Cyclone Hudhud,IO,IO032014,2014100812,0,13.0,90.7,45.0,989.0,13.0,90.7,0.0,29.5,65.0,20.0,81.0,511.0
201403I,Cyclone Hudhud,IO,IO032014,2014100815,-3,13.2,90.3,48.0,987.0,13.0,90.7,48.7,29.5,65.0,20.0,81.0,511.0
201403I,Cyclone Hudhud,IO,IO032014,2014100818,0,13.3,90.0,50.0,985.0,13.3,90.0,0.0,29.6,69.0,21.1,78.0,551.0
201403I,Cyclone Hudhud,IO,IO032014,2014100821,-3,13.4,89.7,53.0,984.0,13.3,90.0,34.3,29.6,69.0,21.1,78.0,551.0
201403I,Cyclone Hudhud,IO,IO032014,2014100900,0,13.5,89.4,55.0,982.0,13.5,89.4,0.0,29.6,72.0,19.1,76.0,595.0
201403I,Cyclone Hudhud,IO,IO032014,2014100903,-3,13.6,89.2,58.0,980.0,13.5,89.4,24.3,29.6,72.0,19.1,76.0,595.0
201403I,Cyclone Hudhud,IO,IO032014,2014100906,0,13.7,88.9,60.0,978.0,13.7,88.9,0.0,29.7,73.0,19.1,72.0,634.0
201403I,Cyclone Hudhud,IO,IO032014,2014100909,-3,13.8,88.7,60.0,978.0,13.7,88.9,24.3,29.7,73.0,19.1,72.0,634.0
201403I,Cyclone Hudhud,IO,IO032014,2014100912,0,14.0,88.5,60.0,978.0,14.0,88.5,0.0,29.8,72.0,16.4,73.0,661.0
201403I,Cyclone Hudhud,IO,IO032014,2014100915,-3,14.2,88.3,60.0,978.0,14.0,88.5,31.0,29.8,72.0,16.4,73.0,661.0
201403I,Cyclone Hudhud,IO,IO032014,2014100918,0,14.3,88.1,60.0,978.0,14.3,88.1,0.0,29.7,69.0,14.7,73.0,628.0
201403I,Cyclone Hudhud,IO,IO032014,2014100921,-3,14.5,87.9,63.0,976.0,14.3,88.1,31.0,29.7,69.0,14.7,73.0,628.0
201403I,Cyclone Hudhud,IO,IO032014,2014101000,0,14.7,87.7,65.0,974.0,14.7,87.7,0.0,29.7,67.0,15.1,73.0,566.0
201403I,Cyclone Hudhud,IO,IO032014,2014101003,-3,14.8,87.5,65.0,974.0,14.7,87.7,24.2,29.7,67.0,15.1,73.0,566.0
201403I,Cyclone Hudhud,IO,IO032014,2014101006,0,15.0,87.3,65.0,974.0,15.0,87.3,0.0,29.7,63.0,12.4,72.0,512.0
201403I,Cyclone Hudhud,IO,IO032014,2014101009,-3,15.2,87.1,70.0,971.0,15.0,87.3,30.9,29.7,63.0,12.4,72.0,512.0
201403I,Cyclone Hudhud,IO,IO032014,2014101012,0,15.4,86.9,75.0,967.0,15.4,86.9,0.0,29.8,59.0,9.3,67.0,450.0
201403I,Cyclone Hudhud,IO,IO032014,2014101015,-3,15.6,86.6,80.0,963.0,15.4,86.9,39.1,29.8,59.0,9.3,67.0,450.0
201403I,Cyclone Hudhud,IO,IO032014,2014101018,0,15.7,86.2,85.0,959.0,15.7,86.2,0.0,29.9,55.0,10.7,67.0,376.0
201403I,Cyclone Hudhud,IO,IO032014,2014101021,-3,15.8,86.0,90.0,956.0,15.7,86.2,24.1,29.9,55.0,10.7,67.0,376.0
201403I,Cyclone Hudhud,IO,IO032014,2014101100,0,15.8,85.7,95.0,952.0,15.8,85.7,0.0,29.6,54.0,13.3,67.0,332.0
201403I,Cyclone Hudhud,IO,IO032014,2014101103,-3,16.0,85.5,100.0,948.0,15.8,85.7,30.9,29.6,54.0,13.3,67.0,332.0
201403I,Cyclone Hudhud,IO,IO032014,2014101106,0,16.1,85.2,105.0,944.0,16.1,85.2,0.0,29.6,54.0,15.2,65.0,272.0
201403I,Cyclone Hudhud,IO,IO032014,2014101109,-3,16.1,85.1,110.0,941.0,16.1,85.2,10.7,29.6,54.0,15.2,65.0,272.0
201403I,Cyclone Hudhud,IO,IO032014,2014101112,0,16.2,84.9,115.0,937.0,16.2,84.9,0.0,29.7,53.0,11.0,60.0,242.0
201403I,Cyclone Hudhud,IO,IO032014,2014101115,-3,16.4,84.8,115.0,937.0,16.2,84.9,24.7,29.7,53.0,11.0,60.0,242.0
201403I,Cyclone Hudhud,IO,IO032014,2014101118,0,16.7,84.6,115.0,937.0,16.7,84.6,0.0,29.8,51.0,13.8,58.0,179.0
201403I,Cyclone Hudhud,IO,IO032014,2014101121,-3,16.9,84.3,115.0,937.0,16.7,84.6,38.9,29.8,51.0,13.8,58.0,179.0
201403I,Cyclone Hudhud,IO,IO032014,2014101200,0,17.1,84.1,115.0,937.0,17.1,84.1,0.0,29.9,50.0,16.2,54.0,111.0
201403I,Cyclone Hudhud,IO,IO032014,2014101203,-3,17.4,83.8,115.0,937.0,17.1,84.1,46.1,29.9,50.0,16.2,54.0,111.0
201403I,Cyclone Hudhud,IO,IO032014,2014101206,0,17.6,83.4,115.0,937.0,17.6,83.4,0.0,29.9,51.0,12.1,49.0,20.0
201403I,Cyclone Hudhud,IO,IO032014,2014101209,-3,17.8,83.2,110.0,941.0,17.6,83.4,30.7,29.9,51.0,12.1,49.0,20.0
201403I,Cyclone Hudhud,IO,IO032014,2014101212,0,18.0,82.9,105.0,944.0,18.0,82.9,0.0,30.0,54.0,7.3,50.0,-48.0
201403I,Cyclone Hudhud,IO,IO032014,2014101215,-3,18.4,82.6,93.0,954.0,18.0,82.9,54.6,30.0,54.0,7.3,50.0,-48.0
201403I,Cyclone Hudhud,IO,IO032014,2014101218,0,18.8,82.2,80.0,963.0,18.8,82.2,0.0,30.0,51.0,12.7,50.0,-163.0
201403I,Cyclone Hudhud,IO,IO032014,2014101221,-3,19.4,81.9,68.0,973.0,18.8,82.2,73.8,30.0,51.0,12.7,50.0,-163.0
201403I,Cyclone Hudhud,IO,IO032014,2014101300,0,19.9,81.6,55.0,982.0,19.9,81.6,0.0,30.0,51.0,19.4,55.0,-297.0
201403I,Cyclone Hudhud,IO,IO032014,2014101303,-3,20.4,81.4,48.0,988.0,19.9,81.6,59.4,30.0,51.0,19.4,55.0,-297.0
201403I,Cyclone Hudhud,IO,IO032014,2014101306,0,21.0,81.3,40.0,993.0,21.0,81.3,0.0,29.9,51.0,,,-409.0
201403I,Cyclone Hudhud,IO,IO032014,2014101309,-3,21.5,81.2,35.0,997.0,21.0,81.3,56.6,29.9,51.0,,,-409.0
201403I,Cyclone Hudhud,IO,IO032014,2014101312,0,22.0,81.2,30.0,1000.0,22.0,81.2,0.0,29.5,51.0,,,-500.0
201302I,Cyclone Phailin,IO,IO022013,2013100718,0,12.1,96.4,25.0,1004.0,12.1,96.4,0.0,28.3,65.0,25.7,77.0,219.0
201302I,Cyclone Phailin,IO,IO022013,2013100721,-3,12.2,96.0,25.0,1004.0,12.1,96.4,44.9,28.3,65.0,25.7,77.0,219.0
201302I,Cyclone Phailin,IO,IO022013,2013100800,0,12.3,95.6,25.0,1004.0,12.3,95.6,0.0,28.3,67.0,22.5,76.0,307.0
201302I,Cyclone Phailin,IO,IO022013,2013100803,-3,12.4,95.3,25.0,1004.0,12.3,95.6,34.4,28.3,67.0,22.5,76.0,307.0
201302I,Cyclone Phailin,IO,IO022013,2013100806,0,12.6,95.1,25.0,1004.0,12.6,95.1,0.0,28.3,67.0,22.0,79.0,356.0
201302I,Cyclone Phailin,IO,IO022013,2013100809,-3,12.6,94.8,28.0,1002.0,12.6,95.1,32.6,28.3,67.0,22.0,79.0,356.0
201302I,Cyclone Phailin,IO,IO022013,2013100812,0,12.7,94.5,30.0,1000.0,12.7,94.5,0.0,28.3,66.0,18.6,79.0,349.0
201302I,Cyclone Phailin,IO,IO022013,2013100815,-3,12.8,94.2,30.0,1000.0,12.7,94.5,34.4,28.3,66.0,18.6,79.0,349.0
201302I,Cyclone Phailin,IO,IO022013,2013100818,0,12.9,93.9,30.0,1000.0,12.9,93.9,0.0,28.3,65.0,16.9,77.0,342.0
201302I,Cyclone Phailin,IO,IO022013,2013100821,-3,13.1,93.7,33.0,998.0,12.9,93.9,31.1,28.3,65.0,16.9,77.0,342.0
201302I,Cyclone Phailin,IO,IO022013,2013100900,0,13.2,93.4,35.0,996.0,13.2,93.4,0.0,28.3,64.0,13.4,77.0,326.0
201302I,Cyclone Phailin,IO,IO022013,2013100903,-3,13.3,93.1,38.0,995.0,13.2,93.4,34.3,28.3,64.0,13.4,77.0,326.0
201302I,Cyclone Phailin,IO,IO022013,2013100906,0,13.4,92.8,40.0,993.0,13.4,92.8,0.0,28.4,65.0,13.1,74.0,331.0
201302I,Cyclone Phailin,IO,IO022013,2013100909,-3,13.6,92.5,43.0,991.0,13.4,92.8,39.3,28.4,65.0,13.1,74.0,331.0
201302I,Cyclone Phailin,IO,IO022013,2013100912,0,13.7,92.3,45.0,989.0,13.7,92.3,0.0,28.5,66.0,12.7,75.0,334.0
201302I,Cyclone Phailin,IO,IO022013,2013100915,-3,13.8,92.0,50.0,986.0,13.7,92.3,34.3,28.5,66.0,12.7,75.0,334.0
201302I,Cyclone Phailin,IO,IO022013,2013100918,0,14.0,91.8,55.0,982.0,14.0,91.8,0.0,28.6,68.0,10.9,73.0,348.0
201302I,Cyclone Phailin,IO,IO022013,2013100921,-3,14.2,91.5,60.0,978.0,14.0,91.8,39.3,28.6,68.0,10.9,73.0,348.0
201302I,Cyclone Phailin,IO,IO022013,2013101000,0,14.5,91.3,65.0,974.0,14.5,91.3,0.0,28.6,72.0,7.5,72.0,362.0
201302I,Cyclone Phailin,IO,IO022013,2013101003,-3,14.8,91.0,78.0,965.0,14.5,91.3,46.4,28.6,72.0,7.5,72.0,362.0
201302I,Cyclone Phailin,IO,IO022013,2013101006,0,15.0,90.8,90.0,956.0,15.0,90.8,0.0,28.7,76.0,8.5,72.0,391.0
201302I,Cyclone Phailin,IO,IO022013,2013101009,-3,15.2,90.5,100.0,949.0,15.0,90.8,39.1,28.7,76.0,8.5,72.0,391.0
201302I,Cyclone Phailin,IO,IO022013,2013101012,0,15.4,90.2,110.0,941.0,15.4,90.2,0.0,28.8,77.0,7.3,75.0,444.0
201302I,Cyclone Phailin,IO,IO022013,2013101015,-3,15.5,89.8,120.0,934.0,15.4,90.2,44.3,28.8,77.0,7.3,75.0,444.0
201302I,Cyclone Phailin,IO,IO022013,2013101018,0,15.6,89.4,130.0,926.0,15.6,89.4,0.0,28.9,75.0,4.1,78.0,526.0
201302I,Cyclone Phailin,IO,IO022013,2013101021,-3,15.6,89.1,133.0,924.0,15.6,89.4,32.1,28.9,75.0,4.1,78.0,526.0
201302I,Cyclone Phailin,IO,IO022013,2013101100,0,15.7,88.7,135.0,922.0,15.7,88.7,0.0,28.9,68.0,4.0,79.0,531.0
201302I,Cyclone Phailin,IO,IO022013,2013101103,-3,15.9,88.5,135.0,922.0,15.7,88.7,30.9,28.9,68.0,4.0,79.0,531.0
201302I,Cyclone Phailin,IO,IO022013,2013101106,0,16.1,88.3,135.0,922.0,16.1,88.3,0.0,29.0,63.0,4.5,78.0,472.0
201302I,Cyclone Phailin,IO,IO022013,2013101109,-3,16.4,88.0,138.0,920.0,16.1,88.3,46.2,29.0,63.0,4.5,78.0,472.0
201302I,Cyclone Phailin,IO,IO022013,2013101112,0,16.7,87.7,140.0,918.0,16.7,87.7,0.0,29.0,54.0,3.2,78.0,385.0
201302I,Cyclone Phailin,IO,IO022013,2013101115,-3,16.8,87.3,140.0,918.0,16.7,87.7,44.0,29.0,54.0,3.2,78.0,385.0
201302I,Cyclone Phailin,IO,IO022013,2013101118,0,16.8,87.0,140.0,918.0,16.8,87.0,0.0,29.0,51.0,3.3,76.0,339.0
201302I,Cyclone Phailin,IO,IO022013,2013101121,-3,17.1,86.7,140.0,918.0,16.8,87.0,46.2,29.0,51.0,3.3,76.0,339.0
201302I,Cyclone Phailin,IO,IO022013,2013101200,0,17.4,86.4,140.0,918.0,17.4,86.4,0.0,29.1,47.0,2.2,76.0,247.0
201302I,Cyclone Phailin,IO,IO022013,2013101203,-3,17.7,86.1,138.0,920.0,17.4,86.4,46.1,29.1,47.0,2.2,76.0,247.0
201302I,Cyclone Phailin,IO,IO022013,2013101206,0,18.0,85.8,135.0,922.0,18.0,85.8,0.0,29.1,48.0,2.4,74.0,154.0
201302I,Cyclone Phailin,IO,IO022013,2013101209,-3,18.4,85.5,130.0,926.0,18.0,85.8,54.6,29.1,48.0,2.4,74.0,154.0
201302I,Cyclone Phailin,IO,IO022013,2013101212,0,18.7,85.2,125.0,929.0,18.7,85.2,0.0,29.0,51.0,5.2,73.0,53.0
201302I,Cyclone Phailin,IO,IO022013,2013101215,-3,19.1,85.1,113.0,939.0,18.7,85.2,45.7,29.0,51.0,5.2,73.0,53.0
201302I,Cyclone Phailin,IO,IO022013,2013101218,0,19.5,84.9,100.0,948.0,19.5,84.9,0.0,28.9,55.0,6.3,70.0,-34.0
201302I,Cyclone Phailin,IO,IO022013,2013101221,-3,19.9,84.7,88.0,958.0,19.5,84.9,49.2,28.9,55.0,6.3,70.0,-34.0
201302I,Cyclone Phailin,IO,IO022013,2013101300,0,20.3,84.5,75.0,967.0,20.3,84.5,0.0,28.8,58.0,9.7,69.0,-128.0
201302I,Cyclone Phailin,IO,IO022013,2013101303,-3,20.9,84.3,63.0,976.0,20.3,84.5,69.9,28.8,58.0,9.7,69.0,-128.0
201302I,Cyclone Phailin,IO,IO022013,2013101306,0,21.5,84.1,50.0,985.0,21.5,84.1,0.0,28.6,58.0,,,-259.0
201302I,Cyclone Phailin,IO,IO022013,2013101309,-3,22.3,84.1,45.0,989.0,21.5,84.1,89.0,28.6,58.0,,,-259.0
201302I,Cyclone Phailin,IO,IO022013,2013101312,0,23.1,84.1,40.0,993.0,23.1,84.1,0.0,27.8,58.0,,,-358.0
200701I,Cyclone Gonu,IO,IO012007,2007051318,0,16.3,91.3,35.0,997.0,16.3,91.3,0.0,30.3,75.0,8.1,67.0,322.0
200701I,Cyclone Gonu,IO,IO012007,2007051321,-3,16.8,91.5,43.0,991.0,16.3,91.3,59.5,30.3,75.0,8.1,67.0,322.0
200701I,Cyclone Gonu,IO,IO012007,2007051400,0,17.3,91.7,50.0,985.0,17.3,91.7,0.0,30.4,76.0,6.7,68.0,290.0
200701I,Cyclone Gonu,IO,IO012007,2007051403,-3,17.9,91.7,53.0,985.0,17.3,91.7,66.7,30.4,76.0,6.7,68.0,290.0
200701I,Cyclone Gonu,IO,IO012007,2007051406,0,18.5,91.7,55.0,984.0,18.5,91.7,0.0,30.5,77.0,9.7,68.0,219.0
200701I,Cyclone Gonu,IO,IO012007,2007051409,-3,19.1,91.8,58.0,981.0,18.5,91.7,67.5,30.5,77.0,9.7,68.0,219.0
200701I,Cyclone Gonu,IO,IO012007,2007051412,0,19.8,91.9,60.0,978.0,19.8,91.9,0.0,30.5,71.0,19.8,73.0,110.0
200701I,Cyclone Gonu,IO,IO012007,2007051415,-3,20.5,92.0,63.0,977.0,19.8,91.9,78.5,30.5,71.0,19.8,73.0,110.0
200701I,Cyclone Gonu,IO,IO012007,2007051418,0,21.2,92.1,65.0,976.0,21.2,92.1,0.0,30.5,56.0,,,-1.0
200701I,Cyclone Gonu,IO,IO012007,2007051421,-3,22.1,92.2,55.0,983.0,21.2,92.1,100.6,30.5,56.0,,,-1.0
200701I,Cyclone Gonu,IO,IO012007,2007051500,0,23.0,92.4,45.0,989.0,23.0,92.4,0.0,29.3,28.0,,,-96.0
200601I,Cyclone Mala,IO,IO012006,2006011312,0,4.9,77.1,35.0,997.0,4.9,77.1,0.0,27.6,53.0,24.0,81.0,347.0
200601I,Cyclone Mala,IO,IO012006,2006011315,-3,5.4,76.6,38.0,996.0,4.9,77.1,78.5,27.6,53.0,24.0,81.0,347.0
200601I,Cyclone Mala,IO,IO012006,2006011318,0,5.9,76.1,40.0,994.0,5.9,76.1,0.0,27.6,54.0,26.5,79.0,278.0
200601I,Cyclone Mala,IO,IO012006,2006011321,-3,6.2,75.7,43.0,993.0,5.9,76.1,55.4,27.6,54.0,26.5,79.0,278.0
200601I,Cyclone Mala,IO,IO012006,2006011400,0,6.4,75.2,45.0,991.0,6.4,75.2,0.0,27.5,59.0,23.0,74.0,282.0
200601I,Cyclone Mala,IO,IO012006,2006011403,-3,6.6,74.8,45.0,991.0,6.4,75.2,49.5,27.5,59.0,23.0,74.0,282.0
200601I,Cyclone Mala,IO,IO012006,2006011406,0,6.7,74.4,45.0,991.0,6.7,74.4,0.0,27.7,63.0,20.2,67.0,328.0
200601I,Cyclone Mala,IO,IO012006,2006011409,-3,6.8,74.0,45.0,991.0,6.7,74.4,45.5,27.7,63.0,20.2,67.0,328.0
200601I,Cyclone Mala,IO,IO012006,2006011412,0,6.8,73.6,45.0,991.0,6.8,73.6,0.0,27.8,64.0,15.1,64.0,400.0
200601I,Cyclone Mala,IO,IO012006,2006011415,-3,6.9,73.2,43.0,993.0,6.8,73.6,45.5,27.8,64.0,15.1,64.0,400.0
200601I,Cyclone Mala,IO,IO012006,2006011418,0,7.0,72.8,40.0,994.0,7.0,72.8,0.0,28.0,67.0,,,473.0
200601I,Cyclone Mala,IO,IO012006,2006011421,-3,7.0,72.3,38.0,996.0,7.0,72.8,55.2,28.0,67.0,,,473.0
200601I,Cyclone Mala,IO,IO012006,2006011500,0,7.1,71.9,35.0,997.0,7.1,71.9,0.0,28.1,68.0,,,563.0
200601I,Cyclone Mala,IO,IO012006,2006011503,-3,7.0,71.5,33.0,999.0,7.1,71.9,45.5,28.1,68.0,,,563.0
201503I,Cyclone Chapala,IO,IO032015,2015100706,0,12.5,71.4,30.0,1000.0,12.5,71.4,0.0,29.3,43.0,25.8,62.0,361.0
201503I,Cyclone Chapala,IO,IO032015,2015100709,-3,12.6,71.5,30.0,1000.0,12.5,71.4,15.5,29.3,43.0,25.8,62.0,361.0
201503I,Cyclone Chapala,IO,IO032015,2015100712,0,12.6,71.6,30.0,1000.0,12.6,71.6,0.0,29.3,43.0,21.7,61.0,337.0
201503I,Cyclone Chapala,IO,IO032015,2015100715,-3,12.7,71.7,30.0,1000.0,12.6,71.6,15.5,29.3,43.0,21.7,61.0,337.0
201503I,Cyclone Chapala,IO,IO032015,2015100718,0,12.8,71.7,30.0,1000.0,12.8,71.7,0.0,29.3,43.0,24.4,63.0,319.0
201503I,Cyclone Chapala,IO,IO032015,2015100721,-3,12.9,71.6,30.0,1000.0,12.8,71.7,15.5,29.3,43.0,24.4,63.0,319.0
201503I,Cyclone Chapala,IO,IO032015,2015100800,0,12.9,71.5,30.0,1000.0,12.9,71.5,0.0,29.3,44.0,25.2,65.0,336.0
201503I,Cyclone Chapala,IO,IO032015,2015100803,-3,12.9,71.4,30.0,1000.0,12.9,71.5,10.8,29.3,44.0,25.2,65.0,336.0
201503I,Cyclone Chapala,IO,IO032015,2015100806,0,12.9,71.3,30.0,1000.0,12.9,71.3,0.0,29.3,45.0,22.0,63.0,356.0
201503I,Cyclone Chapala,IO,IO032015,2015100809,-3,13.1,71.2,30.0,1000.0,12.9,71.3,24.7,29.3,45.0,22.0,63.0,356.0
201503I,Cyclone Chapala,IO,IO032015,2015100812,0,13.2,71.1,30.0,1000.0,13.2,71.1,0.0,29.3,46.0,16.7,64.0,364.0
201503I,Cyclone Chapala,IO,IO032015,2015100815,-3,13.3,71.0,30.0,1000.0,13.2,71.1,15.5,29.3,46.0,16.7,64.0,364.0
201503I,Cyclone Chapala,IO,IO032015,2015100818,0,13.4,70.9,30.0,1000.0,13.4,70.9,0.0,29.2,46.0,19.1,63.0,377.0
201503I,Cyclone Chapala,IO,IO032015,2015100821,-3,13.5,70.8,30.0,1000.0,13.4,70.9,15.5,29.2,46.0,19.1,63.0,377.0
201503I,Cyclone Chapala,IO,IO032015,2015100900,0,13.6,70.7,30.0,1000.0,13.6,70.7,0.0,29.2,46.0,20.3,60.0,389.0
201503I,Cyclone Chapala,IO,IO032015,2015100903,-3,13.8,70.6,33.0,998.0,13.6,70.7,24.7,29.2,46.0,20.3,60.0,389.0
201503I,Cyclone Chapala,IO,IO032015,2015100906,0,13.9,70.5,35.0,996.0,13.9,70.5,0.0,29.2,46.0,18.9,57.0,397.0
201503I,Cyclone Chapala,IO,IO032015,2015100909,-3,14.1,70.3,33.0,998.0,13.9,70.5,31.0,29.2,46.0,18.9,57.0,397.0
201503I,Cyclone Chapala,IO,IO032015,2015100912,0,14.3,70.2,30.0,1000.0,14.3,70.2,0.0,29.2,46.0,15.9,54.0,412.0
201503I,Cyclone Chapala,IO,IO032015,2015100915,-3,14.5,70.1,30.0,1000.0,14.3,70.2,24.7,29.2,46.0,15.9,54.0,412.0
201503I,Cyclone Chapala,IO,IO032015,2015100918,0,14.7,69.9,30.0,1000.0,14.7,69.9,0.0,29.1,45.0,14.3,53.0,426.0
201503I,Cyclone Chapala,IO,IO032015,2015100921,-3,14.8,69.8,30.0,1000.0,14.7,69.9,15.5,29.1,45.0,14.3,53.0,426.0
201503I,Cyclone Chapala,IO,IO032015,2015101000,0,14.9,69.6,30.0,1000.0,14.9,69.6,0.0,29.1,45.0,14.9,52.0,449.0
201503I,Cyclone Chapala,IO,IO032015,2015101003,-3,15.0,69.5,30.0,1000.0,14.9,69.6,15.5,29.1,45.0,14.9,52.0,449.0
201503I,Cyclone Chapala,IO,IO032015,2015101006,0,15.1,69.4,30.0,1000.0,15.1,69.4,0.0,29.1,45.0,11.9,50.0,461.0
201503I,Cyclone Chapala,IO,IO032015,2015101009,-3,15.2,69.5,28.0,1002.0,15.1,69.4,15.5,29.1,45.0,11.9,50.0,461.0
201503I,Cyclone Chapala,IO,IO032015,2015101012,0,15.3,69.5,25.0,1004.0,15.3,69.5,0.0,29.0,44.0,8.2,51.0,443.0
201503I,Cyclone Chapala,IO,IO032015,2015101015,-3,15.4,69.5,25.0,1004.0,15.3,69.5,11.1,29.0,44.0,8.2,51.0,443.0
201503I,Cyclone Chapala,IO,IO032015,2015101018,0,15.5,69.6,25.0,1004.0,15.5,69.6,0.0,29.0,43.0,,,425.0
201503I,Cyclone Chapala,IO,IO032015,2015101021,-3,15.6,69.5,25.0,1004.0,15.5,69.6,15.4,29.0,43.0,,,425.0
201503I,Cyclone Chapala,IO,IO032015,2015101100,0,15.7,69.5,25.0,1004.0,15.7,69.5,0.0,29.0,42.0,,,427.0
201503I,Cyclone Chapala,IO,IO032015,2015101103,-3,15.8,69.4,23.0,1006.0,15.7,69.5,15.4,29.0,42.0,,,427.0
201504I,Cyclone Megh,IO,IO042015,2015102718,0,11.1,64.9,25.0,1004.0,11.1,64.9,0.0,29.3,54.0,1.4,58.0,1072.0
201504I,Cyclone Megh,IO,IO042015,2015102721,-3,11.3,64.8,28.0,1002.0,11.1,64.9,24.8,29.3,54.0,1.4,58.0,1072.0
201504I,Cyclone Megh,IO,IO042015,2015102800,0,11.6,64.7,30.0,1000.0,11.6,64.7,0.0,29.2,51.0,4.1,55.0,1072.0
201504I,Cyclone Megh,IO,IO042015,2015102803,-3,11.8,64.7,33.0,998.0,11.6,64.7,22.2,29.2,51.0,4.1,55.0,1072.0
201504I,Cyclone Megh,IO,IO042015,2015102806,0,12.1,64.7,35.0,996.0,12.1,64.7,0.0,29.2,49.0,6.8,49.0,1052.0
201504I,Cyclone Megh,IO,IO042015,2015102809,-3,12.4,64.8,40.0,993.0,12.1,64.7,35.1,29.2,49.0,6.8,49.0,1052.0
201504I,Cyclone Megh,IO,IO042015,2015102812,0,12.8,64.9,45.0,989.0,12.8,64.9,0.0,29.3,48.0,8.9,48.0,1003.0
201504I,Cyclone Megh,IO,IO042015,2015102815,-3,12.9,64.8,45.0,989.0,12.8,64.9,15.5,29.3,48.0,8.9,48.0,1003.0
201504I,Cyclone Megh,IO,IO042015,2015102818,0,13.1,64.6,45.0,989.0,13.1,64.6,0.0,29.2,46.0,7.8,48.0,1010.0
201504I,Cyclone Megh,IO,IO042015,2015102821,-3,13.2,64.4,48.0,987.0,13.1,64.6,24.3,29.2,46.0,7.8,48.0,1010.0
201504I,Cyclone Megh,IO,IO042015,2015102900,0,13.4,64.2,50.0,985.0,13.4,64.2,0.0,29.2,45.0,8.1,42.0,956.0
201504I,Cyclone Megh,IO,IO042015,2015102903,-3,13.6,64.0,53.0,984.0,13.4,64.2,31.0,29.2,45.0,8.1,42.0,956.0
201504I,Cyclone Megh,IO,IO042015,2015102906,0,13.8,63.7,55.0,982.0,13.8,63.7,0.0,29.2,43.0,9.6,41.0,886.0
201504I,Cyclone Megh,IO,IO042015,2015102909,-3,14.0,63.4,60.0,978.0,13.8,63.7,39.3,29.2,43.0,9.6,41.0,886.0
201504I,Cyclone Megh,IO,IO042015,2015102912,0,14.2,63.1,65.0,974.0,14.2,63.1,0.0,29.2,39.0,10.2,42.0,808.0
201504I,Cyclone Megh,IO,IO042015,2015102915,-3,14.2,62.8,73.0,969.0,14.2,63.1,32.3,29.2,39.0,10.2,42.0,808.0
201504I,Cyclone Megh,IO,IO042015,2015102918,0,14.2,62.4,80.0,963.0,14.2,62.4,0.0,29.2,37.0,7.2,43.0,754.0
201504I,Cyclone Megh,IO,IO042015,2015102921,-3,14.2,62.1,90.0,956.0,14.2,62.4,32.3,29.2,37.0,7.2,43.0,754.0
201504I,Cyclone Megh,IO,IO042015,2015103000,0,14.2,61.8,100.0,948.0,14.2,61.8,0.0,29.2,37.0,8.9,44.0,710.0
201504I,Cyclone Megh,IO,IO042015,2015103003,-3,14.1,61.5,115.0,937.0,14.2,61.8,34.2,29.2,37.0,8.9,44.0,710.0
201504I,Cyclone Megh,IO,IO042015,2015103006,0,14.1,61.1,130.0,926.0,14.1,61.1,0.0,29.1,37.0,8.5,41.0,667.0
201504I,Cyclone Megh,IO,IO042015,2015103009,-3,14.1,60.9,128.0,928.0,14.1,61.1,21.6,29.1,37.0,8.5,41.0,667.0
201504I,Cyclone Megh,IO,IO042015,2015103012,0,14.0,60.6,125.0,929.0,14.0,60.6,0.0,29.1,36.0,8.2,41.0,638.0
201504I,Cyclone Megh,IO,IO042015,2015103015,-3,13.9,60.4,123.0,931.0,14.0,60.6,24.3,29.1,36.0,8.2,41.0,638.0
201504I,Cyclone Megh,IO,IO042015,2015103018,0,13.9,60.1,120.0,933.0,13.9,60.1,0.0,29.0,34.0,6.3,40.0,609.0
201504I,Cyclone Megh,IO,IO042015,2015103021,-3,13.9,59.8,118.0,935.0,13.9,60.1,32.4,29.0,34.0,6.3,40.0,609.0
201504I,Cyclone Megh,IO,IO042015,2015103100,0,13.8,59.5,115.0,937.0,13.8,59.5,0.0,28.9,33.0,7.6,36.0,576.0
201504I,Cyclone Megh,IO,IO042015,2015103103,-3,13.8,59.1,113.0,939.0,13.8,59.5,43.2,28.9,33.0,7.6,36.0,576.0
201504I,Cyclone Megh,IO,IO042015,2015103106,0,13.8,58.7,110.0,941.0,13.8,58.7,0.0,29.0,29.0,6.6,36.0,527.0
201504I,Cyclone Megh,IO,IO042015,2015103109,-3,13.8,58.3,110.0,941.0,13.8,58.7,43.2,29.0,29.0,6.6,36.0,527.0
201504I,Cyclone Megh,IO,IO042015,2015103112,0,13.8,57.9,110.0,941.0,13.8,57.9,0.0,29.1,26.0,6.6,40.0,478.0
201504I,Cyclone Megh,IO,IO042015,2015103115,-3,13.8,57.5,110.0,941.0,13.8,57.9,43.2,29.1,26.0,6.6,40.0,478.0
201504I,Cyclone Megh,IO,IO042015,2015103118,0,13.7,57.2,110.0,941.0,13.7,57.2,0.0,29.2,25.0,3.0,40.0,449.0
201504I,Cyclone Megh,IO,IO042015,2015103121,-3,13.6,56.8,113.0,939.0,13.7,57.2,44.6,29.2,25.0,3.0,40.0,449.0
201504I,Cyclone Megh,IO,IO042015,2015110100,0,13.6,56.4,115.0,937.0,13.6,56.4,0.0,29.3,26.0,5.4,40.0,428.0
201504I,Cyclone Megh,IO,IO042015,2015110103,-3,13.6,56.0,115.0,937.0,13.6,56.4,43.2,29.3,26.0,5.4,40.0,428.0
201504I,Cyclone Megh,IO,IO042015,2015110106,0,13.5,55.7,115.0,937.0,13.5,55.7,0.0,29.4,26.0,6.0,40.0,417.0
201504I,Cyclone Megh,IO,IO042015,2015110109,-3,13.5,55.2,118.0,935.0,13.5,55.7,54.1,29.4,26.0,6.0,40.0,417.0
201504I,Cyclone Megh,IO,IO042015,2015110112,0,13.5,54.7,120.0,933.0,13.5,54.7,0.0,29.4,22.0,8.7,42.0,356.0
201504I,Cyclone Megh,IO,IO042015,2015110115,-3,13.4,54.2,120.0,933.0,13.5,54.7,55.2,29.4,22.0,8.7,42.0,356.0
201504I,Cyclone Megh,IO,IO042015,2015110118,0,13.4,53.6,120.0,933.0,13.4,53.6,0.0,29.2,19.0,5.6,41.0,287.0
201504I,Cyclone Megh,IO,IO042015,2015110121,-3,13.3,53.1,115.0,937.0,13.4,53.6,55.2,29.2,19.0,5.6,41.0,287.0
201504I,Cyclone Megh,IO,IO042015,2015110200,0,13.2,52.6,110.0,941.0,13.2,52.6,0.0,28.9,18.0,7.2,42.0,225.0
201504I,Cyclone Megh,IO,IO042015,2015110203,-3,13.2,52.1,108.0,943.0,13.2,52.6,54.1,28.9,18.0,7.2,42.0,225.0
201504I,Cyclone Megh,IO,IO042015,2015110206,0,13.3,51.6,105.0,944.0,13.3,51.6,0.0,28.7,13.0,6.7,44.0,173.0
201504I,Cyclone Megh,IO,IO042015,2015110209,-3,13.4,51.1,103.0,946.0,13.3,51.6,55.2,28.7,13.0,6.7,44.0,173.0
201504I,Cyclone Megh,IO,IO042015,2015110212,0,13.4,50.6,100.0,948.0,13.4,50.6,0.0,28.5,13.0,9.8,45.0,156.0
201504I,Cyclone Megh,IO,IO042015,2015110215,-3,13.6,50.1,95.0,952.0,13.4,50.6,58.5,28.5,13.0,9.8,45.0,156.0
201504I,Cyclone Megh,IO,IO042015,2015110218,0,13.7,49.6,90.0,956.0,13.7,49.6,0.0,28.5,16.0,11.4,48.0,97.0
201504I,Cyclone Megh,IO,IO042015,2015110221,-3,13.8,49.2,83.0,962.0,13.7,49.6,44.6,28.5,16.0,11.4,48.0,97.0
201504I,Cyclone Megh,IO,IO042015,2015110300,0,14.0,48.9,75.0,967.0,14.0,48.9,0.0,28.6,16.0,14.9,52.0,37.0
201504I,Cyclone Megh,IO,IO042015,2015110303,-3,13.9,48.4,63.0,976.0,14.0,48.9,55.1,28.6,16.0,14.9,52.0,37.0
201504I,Cyclone Megh,IO,IO042015,2015110306,0,13.9,47.9,50.0,985.0,13.9,47.9,0.0,28.8,20.0,16.3,53.0,4.0
201504I,Cyclone Megh,IO,IO042015,2015110309,-3,13.9,47.8,45.0,989.0,13.9,47.9,10.8,28.8,20.0,16.3,53.0,4.0
201504I,Cyclone Megh,IO,IO042015,2015110312,0,14.0,47.6,40.0,993.0,14.0,47.6,0.0,29.0,23.0,,,-18.0
201504I,Cyclone Megh,IO,IO042015,2015110315,-3,14.2,47.5,35.0,997.0,14.0,47.6,24.7,29.0,23.0,,,-18.0
201504I,Cyclone Megh,IO,IO042015,2015110318,0,14.3,47.4,30.0,1000.0,14.3,47.4,0.0,29.0,22.0,,,-58.0
200413E,Hurricane Javier,EP,EP132004,2004091018,0,11.2,-93.5,30.0,1005.0,11.2,-93.5,0.0,28.7,12.0,11.3,78.0,380.0
200413E,Hurricane Javier,EP,EP132004,2004091021,-3,11.3,-94.4,30.0,1005.0,11.2,-93.5,98.8,28.7,12.0,11.3,78.0,380.0
200413E,Hurricane Javier,EP,EP132004,2004091100,0,11.4,-95.3,30.0,1004.0,11.4,-95.3,0.0,29.0,16.0,13.6,76.0,479.0
200413E,Hurricane Javier,EP,EP132004,2004091103,-3,11.5,-95.9,30.0,1004.0,11.4,-95.3,66.3,29.0,16.0,13.6,76.0,479.0
200413E,Hurricane Javier,EP,EP132004,2004091106,0,11.6,-96.6,30.0,1003.0,11.6,-96.6,0.0,29.3,18.0,17.5,72.0,451.0
200413E,Hurricane Javier,EP,EP132004,2004091109,-3,11.6,-97.2,33.0,1003.0,11.6,-96.6,65.4,29.3,18.0,17.5,72.0,451.0
200413E,Hurricane Javier,EP,EP132004,2004091112,0,11.7,-97.8,35.0,1002.0,11.7,-97.8,0.0,29.4,20.0,20.3,71.0,461.0
200413E,Hurricane Javier,EP,EP132004,2004091115,-3,11.8,-98.5,38.0,1002.0,11.7,-97.8,77.0,29.4,20.0,20.3,71.0,461.0
200413E,Hurricane Javier,EP,EP132004,2004091118,0,11.9,-99.2,40.0,1001.0,11.9,-99.2,0.0,29.4,23.0,16.9,71.0,480.0
200413E,Hurricane Javier,EP,EP132004,2004091121,-3,11.9,-99.8,43.0,1001.0,11.9,-99.2,65.3,29.4,23.0,16.9,71.0,480.0
200413E,Hurricane Javier,EP,EP132004,2004091200,0,12.0,-100.4,45.0,1000.0,12.0,-100.4,0.0,29.3,26.0,13.5,72.0,525.0
200413E,Hurricane Javier,EP,EP132004,2004091203,-3,12.1,-100.9,50.0,997.0,12.0,-100.4,55.5,29.3,26.0,13.5,72.0,525.0
200413E,Hurricane Javier,EP,EP132004,2004091206,0,12.2,-101.4,55.0,994.0,12.2,-101.4,0.0,29.3,26.0,14.7,70.0,534.0
200413E,Hurricane Javier,EP,EP132004,2004091209,-3,12.4,-101.9,58.0,993.0,12.2,-101.4,58.7,29.3,26.0,14.7,70.0,534.0
200413E,Hurricane Javier,EP,EP132004,2004091212,0,12.5,-102.4,60.0,991.0,12.5,-102.4,0.0,29.4,28.0,13.9,72.0,547.0
200413E,Hurricane Javier,EP,EP132004,2004091215,-3,12.8,-102.9,63.0,989.0,12.5,-102.4,63.7,29.4,28.0,13.9,72.0,547.0
200413E,Hurricane Javier,EP,EP132004,2004091218,0,13.1,-103.4,65.0,987.0,13.1,-103.4,0.0,29.6,28.0,10.5,68.0,533.0
200413E,Hurricane Javier,EP,EP132004,2004091221,-3,13.4,-103.7,70.0,983.0,13.1,-103.4,46.6,29.6,28.0,10.5,68.0,533.0
200413E,Hurricane Javier,EP,EP132004,2004091300,0,13.6,-104.0,75.0,979.0,13.6,-104.0,0.0,29.8,30.0,10.9,68.0,517.0
200413E,Hurricane Javier,EP,EP132004,2004091303,-3,13.9,-104.4,83.0,975.0,13.6,-104.0,54.6,29.8,30.0,10.9,68.0,517.0
200413E,Hurricane Javier,EP,EP132004,2004091306,0,14.1,-104.8,90.0,970.0,14.1,-104.8,0.0,29.9,32.0,9.8,65.0,496.0
200413E,Hurricane Javier,EP,EP132004,2004091309,-3,14.4,-105.1,98.0,964.0,14.1,-104.8,46.5,29.9,32.0,9.8,65.0,496.0
200413E,Hurricane Javier,EP,EP132004,2004091312,0,14.7,-105.4,105.0,957.0,14.7,-105.4,0.0,29.8,35.0,11.2,68.0,458.0
200413E,Hurricane Javier,EP,EP132004,2004091315,-3,14.9,-105.8,113.0,950.0,14.7,-105.4,48.4,29.8,35.0,11.2,68.0,458.0
200413E,Hurricane Javier,EP,EP132004,2004091318,0,15.2,-106.1,120.0,942.0,15.2,-106.1,0.0,29.6,36.0,9.9,63.0,450.0
200413E,Hurricane Javier,EP,EP132004,2004091321,-3,15.6,-106.4,125.0,936.0,15.2,-106.1,54.9,29.6,36.0,9.9,63.0,450.0
200413E,Hurricane Javier,EP,EP132004,2004091400,0,15.9,-106.8,130.0,930.0,15.9,-106.8,0.0,29.4,38.0,8.7,61.0,428.0
200413E,Hurricane Javier,EP,EP132004,2004091403,-3,16.1,-107.0,128.0,933.0,15.9,-106.8,30.8,29.4,38.0,8.7,61.0,428.0
200413E,Hurricane Javier,EP,EP132004,2004091406,0,16.3,-107.2,125.0,936.0,16.3,-107.2,0.0,29.3,38.0,10.1,59.0,413.0
200413E,Hurricane Javier,EP,EP132004,2004091409,-3,16.5,-107.3,125.0,936.0,16.3,-107.2,24.7,29.3,38.0,10.1,59.0,413.0
200413E,Hurricane Javier,EP,EP132004,2004091412,0,16.6,-107.5,125.0,936.0,16.6,-107.5,0.0,29.2,37.0,12.5,59.0,407.0
200413E,Hurricane Javier,EP,EP132004,2004091415,-3,16.8,-107.6,125.0,936.0,16.6,-107.5,24.7,29.2,37.0,12.5,59.0,407.0
200413E,Hurricane Javier,EP,EP132004,2004091418,0,17.0,-107.7,125.0,936.0,17.0,-107.7,0.0,29.2,35.0,6.2,58.0,391.0
200413E,Hurricane Javier,EP,EP132004,2004091421,-3,17.2,-107.8,125.0,936.0,17.0,-107.7,24.6,29.2,35.0,6.2,58.0,391.0
200413E,Hurricane Javier,EP,EP132004,2004091500,0,17.4,-108.0,125.0,936.0,17.4,-108.0,0.0,29.2,31.0,8.2,56.0,388.0
200413E,Hurricane Javier,EP,EP132004,2004091503,-3,17.5,-108.2,125.0,936.0,17.4,-108.0,24.0,29.2,31.0,8.2,56.0,388.0
200413E,Hurricane Javier,EP,EP132004,2004091506,0,17.7,-108.3,125.0,936.0,17.7,-108.3,0.0,29.2,29.0,12.1,56.0,395.0
200413E,Hurricane Javier,EP,EP132004,2004091509,-3,17.9,-108.4,120.0,942.0,17.7,-108.3,24.6,29.2,29.0,12.1,56.0,395.0
200413E,Hurricane Javier,EP,EP132004,2004091512,0,18.1,-108.6,115.0,948.0,18.1,-108.6,0.0,29.2,27.0,15.4,55.0,395.0
200413E,Hurricane Javier,EP,EP132004,2004091515,-3,18.3,-108.8,115.0,948.0,18.1,-108.6,30.7,29.2,27.0,15.4,55.0,395.0
200413E,Hurricane Javier,EP,EP132004,2004091518,0,18.5,-109.0,115.0,948.0,18.5,-109.0,0.0,29.1,25.0,15.2,52.0,405.0
200413E,Hurricane Javier,EP,EP132004,2004091521,-3,18.7,-109.3,113.0,949.0,18.5,-109.0,38.7,29.1,25.0,15.2,52.0,405.0
200413E,Hurricane Javier,EP,EP132004,2004091600,0,18.9,-109.5,110.0,950.0,18.9,-109.5,0.0,28.9,23.0,7.0,51.0,431.0
200413E,Hurricane Javier,EP,EP132004,2004091603,-3,19.0,-109.8,105.0,955.0,18.9,-109.5,33.5,28.9,23.0,7.0,51.0,431.0
200413E,Hurricane Javier,EP,EP132004,2004091606,0,19.1,-110.0,100.0,960.0,19.1,-110.0,0.0,28.6,22.0,8.3,50.0,426.0
200413E,Hurricane Javier,EP,EP132004,2004091609,-3,19.3,-110.2,100.0,960.0,19.1,-110.0,30.6,28.6,22.0,8.3,50.0,426.0
200413E,Hurricane Javier,EP,EP132004,2004091612,0,19.4,-110.4,100.0,960.0,19.4,-110.4,0.0,28.4,20.0,6.6,51.0,394.0
200413E,Hurricane Javier,EP,EP132004,2004091615,-3,19.6,-110.7,100.0,960.0,19.4,-110.4,38.5,28.4,20.0,6.6,51.0,394.0
200413E,Hurricane Javier,EP,EP132004,2004091618,0,19.8,-110.9,100.0,960.0,19.8,-110.9,0.0,28.1,16.0,9.2,53.0,359.0
200413E,Hurricane Javier,EP,EP132004,2004091621,-3,20.1,-111.1,100.0,960.0,19.8,-110.9,39.4,28.1,16.0,9.2,53.0,359.0
200413E,Hurricane Javier,EP,EP132004,2004091700,0,20.5,-111.2,100.0,960.0,20.5,-111.2,0.0,28.0,15.0,6.1,53.0,296.0
200413E,Hurricane Javier,EP,EP132004,2004091703,-3,20.8,-111.4,100.0,960.0,20.5,-111.2,39.3,28.0,15.0,6.1,53.0,296.0
200413E,Hurricane Javier,EP,EP132004,2004091706,0,21.0,-111.6,100.0,960.0,21.0,-111.6,0.0,27.7,12.0,5.0,51.0,268.0
200413E,Hurricane Javier,EP,EP132004,2004091709,-3,21.3,-111.8,98.0,961.0,21.0,-111.6,39.3,27.7,12.0,5.0,51.0,268.0
200413E,Hurricane Javier,EP,EP132004,2004091712,0,21.5,-111.9,95.0,962.0,21.5,-111.9,0.0,27.4,8.0,6.0,52.0,249.0
200413E,Hurricane Javier,EP,EP132004,2004091715,-3,21.7,-112.0,93.0,964.0,21.5,-111.9,24.5,27.4,8.0,6.0,52.0,249.0
200413E,Hurricane Javier,EP,EP132004,2004091718,0,21.9,-112.1,90.0,965.0,21.9,-112.1,0.0,27.3,6.0,11.6,52.0,240.0
200413E,Hurricane Javier,EP,EP132004,2004091721,-3,22.1,-112.3,83.0,968.0,21.9,-112.1,30.3,27.3,6.0,11.6,52.0,240.0
200413E,Hurricane Javier,EP,EP132004,2004091800,0,22.4,-112.4,75.0,970.0,22.4,-112.4,0.0,28.0,3.0,8.4,51.0,232.0
200413E,Hurricane Javier,EP,EP132004,2004091803,-3,22.7,-112.6,70.0,973.0,22.4,-112.4,39.2,28.0,3.0,8.4,51.0,232.0
200413E,Hurricane Javier,EP,EP132004,2004091806,0,23.0,-112.8,65.0,975.0,23.0,-112.8,0.0,27.6,1.0,6.1,50.0,203.0
200413E,Hurricane Javier,EP,EP132004,2004091809,-3,23.1,-113.0,58.0,981.0,23.0,-112.8,23.3,27.6,1.0,6.1,50.0,203.0
200413E,Hurricane Javier,EP,EP132004,2004091812,0,23.3,-113.2,50.0,987.0,23.3,-113.2,0.0,27.2,0.0,11.2,49.0,204.0
200413E,Hurricane Javier,EP,EP132004,2004091815,-3,23.6,-113.3,48.0,991.0,23.3,-113.2,34.9,27.2,0.0,11.2,49.0,204.0
200413E,Hurricane Javier,EP,EP132004,2004091818,0,23.9,-113.4,45.0,995.0,23.9,-113.4,0.0,26.9,0.0,13.1,50.0,165.0
200413E,Hurricane Javier,EP,EP132004,2004091821,-3,24.4,-113.5,38.0,998.0,23.9,-113.4,56.5,26.9,0.0,13.1,50.0,165.0
200413E,Hurricane Javier,EP,EP132004,2004091900,0,24.8,-113.5,30.0,1001.0,24.8,-113.5,0.0,26.6,0.0,18.5,49.0,132.0
200413E,Hurricane Javier,EP,EP132004,2004091903,-3,25.3,-113.3,30.0,1001.0,24.8,-113.5,59.1,26.6,0.0,18.5,49.0,132.0
200413E,Hurricane Javier,EP,EP132004,2004091906,0,25.7,-113.2,30.0,1001.0,25.7,-113.2,0.0,27.0,0.0,,,92.0
200413E,Hurricane Javier,EP,EP132004,2004091909,-3,26.3,-113.0,28.0,1002.0,25.7,-113.2,69.6,27.0,0.0,,,92.0
200413E,Hurricane Javier,EP,EP132004,2004091912,0,26.9,-112.7,25.0,1003.0,26.9,-112.7,0.0,28.7,1.0,,,-42.0
200413E,Hurricane Javier,EP,EP132004,2004091915,-3,27.7,-112.3,23.0,1003.0,26.9,-112.7,97.3,28.7,1.0,,,-42.0
