cyclone_id,cyclone_name,dataset_split,sequence_index,forecast_origin_timestamp_t,plotted_x_coordinate_hours,input_timestamp_t_minus_12h,input_timestamp_t_minus_9h,input_timestamp_t_minus_6h,input_timestamp_t_minus_3h,input_timestamp_t,actual_vmax_t,actual_vmax_t_plus_3h,actual_vmax_t_plus_6h,actual_vmax_t_plus_9h,actual_vmax_t_plus_12h,actual_vmax_t_plus_15h,actual_vmax_t_plus_18h,actual_vmax_t_plus_21h,actual_vmax_t_plus_24h,target_timestamp_plus_6h,target_timestamp_plus_12h,target_timestamp_plus_24h,transformer_pred_plus_6h,transformer_pred_plus_12h,transformer_pred_plus_24h,gru_pred_plus_6h,gru_pred_plus_12h,gru_pred_plus_24h,persistence_pred_plus_6h,persistence_pred_plus_12h,persistence_pred_plus_24h,plotted_target_timestamp_in_graph
201003I,Super Cyclone Phet,Held-Out TEST Set,0,2010053106,0.0,2010053018,2010053021,2010053100,2010053103,2010053106,30.0,30.0,30.0,33.0,35.0,40.0,45.0,50.0,55.0,2010053112,2010053118,2010060106,32.98,38.57,50.98,28.99,32.37,38.85,30.0,30.0,30.0,"{'+6h_subplot_target_timestamp': '2010053112', '+12h_subplot_target_timestamp': '2010053118', '+24h_subplot_target_timestamp': '2010060106', 'x_axis_represents': 'forecast_origin_time_t_elapsed_hours'}"
201003I,Super Cyclone Phet,Held-Out TEST Set,1,2010053109,3.0,2010053021,2010053100,2010053103,2010053106,2010053109,30.0,30.0,33.0,35.0,40.0,45.0,50.0,55.0,58.0,2010053115,2010053121,2010060109,35.61,41.18,53.32,31.71,35.66,43.1,30.0,30.0,30.0,"{'+6h_subplot_target_timestamp': '2010053115', '+12h_subplot_target_timestamp': '2010053121', '+24h_subplot_target_timestamp': '2010060109', 'x_axis_represents': 'forecast_origin_time_t_elapsed_hours'}"
201003I,Super Cyclone Phet,Held-Out TEST Set,2,2010053112,6.0,2010053100,2010053103,2010053106,2010053109,2010053112,30.0,33.0,35.0,40.0,45.0,50.0,55.0,58.0,60.0,2010053118,2010060100,2010060112,34.97,36.42,39.49,35.38,39.15,46.16,30.0,30.0,30.0,"{'+6h_subplot_target_timestamp': '2010053118', '+12h_subplot_target_timestamp': '2010060100', '+24h_subplot_target_timestamp': '2010060112', 'x_axis_represents': 'forecast_origin_time_t_elapsed_hours'}"
201003I,Super Cyclone Phet,Held-Out TEST Set,3,2010053115,9.0,2010053103,2010053106,2010053109,2010053112,2010053115,33.0,35.0,40.0,45.0,50.0,55.0,58.0,60.0,68.0,2010053121,2010060103,2010060115,33.02,34.51,37.76,36.61,41.33,50.02,33.0,33.0,33.0,"{'+6h_subplot_target_timestamp': '2010053121', '+12h_subplot_target_timestamp': '2010060103', '+24h_subplot_target_timestamp': '2010060115', 'x_axis_represents': 'forecast_origin_time_t_elapsed_hours'}"
201003I,Super Cyclone Phet,Held-Out TEST Set,4,2010053118,12.0,2010053106,2010053109,2010053112,2010053115,2010053118,35.0,40.0,45.0,50.0,55.0,58.0,60.0,68.0,75.0,2010060100,2010060106,2010060118,31.98,35.0,41.68,41.96,47.02,56.08,35.0,35.0,35.0,"{'+6h_subplot_target_timestamp': '2010060100', '+12h_subplot_target_timestamp': '2010060106', '+24h_subplot_target_timestamp': '2010060118', 'x_axis_represents': 'forecast_origin_time_t_elapsed_hours'}"
201003I,Super Cyclone Phet,Held-Out TEST Set,5,2010053121,15.0,2010053109,2010053112,2010053115,2010053118,2010053121,40.0,45.0,50.0,55.0,58.0,60.0,68.0,75.0,83.0,2010060103,2010060109,2010060121,33.37,37.67,46.99,43.75,49.42,59.52,40.0,40.0,40.0,"{'+6h_subplot_target_timestamp': '2010060103', '+12h_subplot_target_timestamp': '2010060109', '+24h_subplot_target_timestamp': '2010060121', 'x_axis_represents': 'forecast_origin_time_t_elapsed_hours'}"
201003I,Super Cyclone Phet,Held-Out TEST Set,6,2010060100,18.0,2010053112,2010053115,2010053118,2010053121,2010060100,45.0,50.0,55.0,58.0,60.0,68.0,75.0,83.0,90.0,2010060106,2010060112,2010060200,37.45,43.66,57.16,50.85,58.08,70.56,45.0,45.0,45.0,"{'+6h_subplot_target_timestamp': '2010060106', '+12h_subplot_target_timestamp': '2010060112', '+24h_subplot_target_timestamp': '2010060200', 'x_axis_represents': 'forecast_origin_time_t_elapsed_hours'}"
201003I,Super Cyclone Phet,Held-Out TEST Set,7,2010060103,21.0,2010053115,2010053118,2010053121,2010060100,2010060103,50.0,55.0,58.0,60.0,68.0,75.0,83.0,90.0,103.0,2010060109,2010060115,2010060203,51.18,59.45,76.44,60.57,69.08,83.21,50.0,50.0,50.0,"{'+6h_subplot_target_timestamp': '2010060109', '+12h_subplot_target_timestamp': '2010060115', '+24h_subplot_target_timestamp': '2010060203', 'x_axis_represents': 'forecast_origin_time_t_elapsed_hours'}"
201003I,Super Cyclone Phet,Held-Out TEST Set,8,2010060106,24.0,2010053118,2010053121,2010060100,2010060103,2010060106,55.0,58.0,60.0,68.0,75.0,83.0,90.0,103.0,115.0,2010060112,2010060118,2010060206,62.31,68.89,81.42,60.62,68.42,81.35,55.0,55.0,55.0,"{'+6h_subplot_target_timestamp': '2010060112', '+12h_subplot_target_timestamp': '2010060118', '+24h_subplot_target_timestamp': '2010060206', 'x_axis_represents': 'forecast_origin_time_t_elapsed_hours'}"
201003I,Super Cyclone Phet,Held-Out TEST Set,9,2010060109,27.0,2010053121,2010060100,2010060103,2010060106,2010060109,58.0,60.0,68.0,75.0,83.0,90.0,103.0,115.0,120.0,2010060115,2010060121,2010060209,71.51,74.89,79.8,64.08,71.79,84.3,58.0,58.0,58.0,"{'+6h_subplot_target_timestamp': '2010060115', '+12h_subplot_target_timestamp': '2010060121', '+24h_subplot_target_timestamp': '2010060209', 'x_axis_represents': 'forecast_origin_time_t_elapsed_hours'}"
201003I,Super Cyclone Phet,Held-Out TEST Set,10,2010060112,30.0,2010060100,2010060103,2010060106,2010060109,2010060112,60.0,68.0,75.0,83.0,90.0,103.0,115.0,120.0,125.0,2010060118,2010060200,2010060212,77.72,80.43,83.38,74.72,82.49,94.22,60.0,60.0,60.0,"{'+6h_subplot_target_timestamp': '2010060118', '+12h_subplot_target_timestamp': '2010060200', '+24h_subplot_target_timestamp': '2010060212', 'x_axis_represents': 'forecast_origin_time_t_elapsed_hours'}"
201003I,Super Cyclone Phet,Held-Out TEST Set,11,2010060115,33.0,2010060103,2010060106,2010060109,2010060112,2010060115,68.0,75.0,83.0,90.0,103.0,115.0,120.0,125.0,123.0,2010060121,2010060203,2010060215,76.85,77.93,77.55,72.04,80.1,92.56,68.0,68.0,68.0,"{'+6h_subplot_target_timestamp': '2010060121', '+12h_subplot_target_timestamp': '2010060203', '+24h_subplot_target_timestamp': '2010060215', 'x_axis_represents': 'forecast_origin_time_t_elapsed_hours'}"
201003I,Super Cyclone Phet,Held-Out TEST Set,12,2010060118,36.0,2010060106,2010060109,2010060112,2010060115,2010060118,75.0,83.0,90.0,103.0,115.0,120.0,125.0,123.0,120.0,2010060200,2010060206,2010060218,74.38,77.43,81.45,71.92,81.5,96.76,75.0,75.0,75.0,"{'+6h_subplot_target_timestamp': '2010060200', '+12h_subplot_target_timestamp': '2010060206', '+24h_subplot_target_timestamp': '2010060218', 'x_axis_represents': 'forecast_origin_time_t_elapsed_hours'}"
201003I,Super Cyclone Phet,Held-Out TEST Set,13,2010060121,39.0,2010060109,2010060112,2010060115,2010060118,2010060121,83.0,90.0,103.0,115.0,120.0,125.0,123.0,120.0,120.0,2010060203,2010060209,2010060221,77.79,82.32,89.29,82.32,91.45,104.85,83.0,83.0,83.0,"{'+6h_subplot_target_timestamp': '2010060203', '+12h_subplot_target_timestamp': '2010060209', '+24h_subplot_target_timestamp': '2010060221', 'x_axis_represents': 'forecast_origin_time_t_elapsed_hours'}"
201003I,Super Cyclone Phet,Held-Out TEST Set,14,2010060200,42.0,2010060112,2010060115,2010060118,2010060121,2010060200,90.0,103.0,115.0,120.0,125.0,123.0,120.0,120.0,120.0,2010060206,2010060212,2010060300,91.43,96.01,101.86,94.37,100.84,108.39,90.0,90.0,90.0,"{'+6h_subplot_target_timestamp': '2010060206', '+12h_subplot_target_timestamp': '2010060212', '+24h_subplot_target_timestamp': '2010060300', 'x_axis_represents': 'forecast_origin_time_t_elapsed_hours'}"
201003I,Super Cyclone Phet,Held-Out TEST Set,15,2010060203,45.0,2010060115,2010060118,2010060121,2010060200,2010060203,103.0,115.0,120.0,125.0,123.0,120.0,120.0,120.0,118.0,2010060209,2010060215,2010060303,94.92,100.58,108.44,97.07,103.73,111.39,103.0,103.0,103.0,"{'+6h_subplot_target_timestamp': '2010060209', '+12h_subplot_target_timestamp': '2010060215', '+24h_subplot_target_timestamp': '2010060303', 'x_axis_represents': 'forecast_origin_time_t_elapsed_hours'}"
201003I,Super Cyclone Phet,Held-Out TEST Set,16,2010060206,48.0,2010060118,2010060121,2010060200,2010060203,2010060206,115.0,120.0,125.0,123.0,120.0,120.0,120.0,118.0,115.0,2010060212,2010060218,2010060306,111.09,114.44,116.0,110.61,116.33,121.09,115.0,115.0,115.0,"{'+6h_subplot_target_timestamp': '2010060212', '+12h_subplot_target_timestamp': '2010060218', '+24h_subplot_target_timestamp': '2010060306', 'x_axis_represents': 'forecast_origin_time_t_elapsed_hours'}"
201003I,Super Cyclone Phet,Held-Out TEST Set,17,2010060209,51.0,2010060121,2010060200,2010060203,2010060206,2010060209,120.0,125.0,123.0,120.0,120.0,120.0,118.0,115.0,113.0,2010060215,2010060221,2010060309,120.92,115.01,97.89,115.58,115.13,108.34,120.0,120.0,120.0,"{'+6h_subplot_target_timestamp': '2010060215', '+12h_subplot_target_timestamp': '2010060221', '+24h_subplot_target_timestamp': '2010060309', 'x_axis_represents': 'forecast_origin_time_t_elapsed_hours'}"
201003I,Super Cyclone Phet,Held-Out TEST Set,18,2010060212,54.0,2010060200,2010060203,2010060206,2010060209,2010060212,125.0,123.0,120.0,120.0,120.0,118.0,115.0,113.0,110.0,2010060218,2010060300,2010060312,119.13,106.48,78.94,116.39,111.68,97.17,125.0,125.0,125.0,"{'+6h_subplot_target_timestamp': '2010060218', '+12h_subplot_target_timestamp': '2010060300', '+24h_subplot_target_timestamp': '2010060312', 'x_axis_represents': 'forecast_origin_time_t_elapsed_hours'}"
201003I,Super Cyclone Phet,Held-Out TEST Set,19,2010060215,57.0,2010060203,2010060206,2010060209,2010060212,2010060215,123.0,120.0,120.0,120.0,118.0,115.0,113.0,110.0,108.0,2010060221,2010060303,2010060315,107.15,92.46,63.68,105.57,96.88,76.49,123.0,123.0,123.0,"{'+6h_subplot_target_timestamp': '2010060221', '+12h_subplot_target_timestamp': '2010060303', '+24h_subplot_target_timestamp': '2010060315', 'x_axis_represents': 'forecast_origin_time_t_elapsed_hours'}"
201003I,Super Cyclone Phet,Held-Out TEST Set,20,2010060218,60.0,2010060206,2010060209,2010060212,2010060215,2010060218,120.0,120.0,120.0,118.0,115.0,113.0,110.0,108.0,105.0,2010060300,2010060306,2010060318,95.96,81.5,54.47,84.53,73.34,50.12,120.0,120.0,120.0,"{'+6h_subplot_target_timestamp': '2010060300', '+12h_subplot_target_timestamp': '2010060306', '+24h_subplot_target_timestamp': '2010060318', 'x_axis_represents': 'forecast_origin_time_t_elapsed_hours'}"
201003I,Super Cyclone Phet,Held-Out TEST Set,21,2010060221,63.0,2010060209,2010060212,2010060215,2010060218,2010060221,120.0,120.0,118.0,115.0,113.0,110.0,108.0,105.0,98.0,2010060303,2010060309,2010060321,86.68,74.06,50.52,76.76,66.54,45.58,120.0,120.0,120.0,"{'+6h_subplot_target_timestamp': '2010060303', '+12h_subplot_target_timestamp': '2010060309', '+24h_subplot_target_timestamp': '2010060321', 'x_axis_represents': 'forecast_origin_time_t_elapsed_hours'}"
201003I,Super Cyclone Phet,Held-Out TEST Set,22,2010060300,66.0,2010060212,2010060215,2010060218,2010060221,2010060300,120.0,118.0,115.0,113.0,110.0,108.0,105.0,98.0,90.0,2010060306,2010060312,2010060400,72.57,62.59,44.09,63.46,54.64,36.91,120.0,120.0,120.0,"{'+6h_subplot_target_timestamp': '2010060306', '+12h_subplot_target_timestamp': '2010060312', '+24h_subplot_target_timestamp': '2010060400', 'x_axis_represents': 'forecast_origin_time_t_elapsed_hours'}"
201003I,Super Cyclone Phet,Held-Out TEST Set,23,2010060303,69.0,2010060215,2010060218,2010060221,2010060300,2010060303,118.0,115.0,113.0,110.0,108.0,105.0,98.0,90.0,83.0,2010060309,2010060315,2010060403,65.1,61.15,51.94,58.71,52.22,38.87,118.0,118.0,118.0,"{'+6h_subplot_target_timestamp': '2010060309', '+12h_subplot_target_timestamp': '2010060315', '+24h_subplot_target_timestamp': '2010060403', 'x_axis_represents': 'forecast_origin_time_t_elapsed_hours'}"
201003I,Super Cyclone Phet,Held-Out TEST Set,24,2010060306,72.0,2010060218,2010060221,2010060300,2010060303,2010060306,115.0,113.0,110.0,108.0,105.0,98.0,90.0,83.0,75.0,2010060312,2010060318,2010060406,65.04,62.41,55.44,55.28,51.03,41.63,115.0,115.0,115.0,"{'+6h_subplot_target_timestamp': '2010060312', '+12h_subplot_target_timestamp': '2010060318', '+24h_subplot_target_timestamp': '2010060406', 'x_axis_represents': 'forecast_origin_time_t_elapsed_hours'}"
201003I,Super Cyclone Phet,Held-Out TEST Set,25,2010060309,75.0,2010060221,2010060300,2010060303,2010060306,2010060309,113.0,110.0,108.0,105.0,98.0,90.0,83.0,75.0,70.0,2010060315,2010060321,2010060409,65.62,62.88,55.67,61.12,56.42,45.95,113.0,113.0,113.0,"{'+6h_subplot_target_timestamp': '2010060315', '+12h_subplot_target_timestamp': '2010060321', '+24h_subplot_target_timestamp': '2010060409', 'x_axis_represents': 'forecast_origin_time_t_elapsed_hours'}"
201003I,Super Cyclone Phet,Held-Out TEST Set,26,2010060312,78.0,2010060300,2010060303,2010060306,2010060309,2010060312,110.0,108.0,105.0,98.0,90.0,83.0,75.0,70.0,65.0,2010060318,2010060400,2010060412,72.19,68.45,59.05,63.55,59.43,49.81,110.0,110.0,110.0,"{'+6h_subplot_target_timestamp': '2010060318', '+12h_subplot_target_timestamp': '2010060400', '+24h_subplot_target_timestamp': '2010060412', 'x_axis_represents': 'forecast_origin_time_t_elapsed_hours'}"
201003I,Super Cyclone Phet,Held-Out TEST Set,27,2010060315,81.0,2010060303,2010060306,2010060309,2010060312,2010060315,108.0,105.0,98.0,90.0,83.0,75.0,70.0,65.0,60.0,2010060321,2010060403,2010060415,91.73,85.53,70.57,93.79,87.98,73.25,108.0,108.0,108.0,"{'+6h_subplot_target_timestamp': '2010060321', '+12h_subplot_target_timestamp': '2010060403', '+24h_subplot_target_timestamp': '2010060415', 'x_axis_represents': 'forecast_origin_time_t_elapsed_hours'}"
201003I,Super Cyclone Phet,Held-Out TEST Set,28,2010060318,84.0,2010060306,2010060309,2010060312,2010060315,2010060318,105.0,98.0,90.0,83.0,75.0,70.0,65.0,60.0,55.0,2010060400,2010060406,2010060418,90.66,84.39,69.47,95.9,93.4,84.56,105.0,105.0,105.0,"{'+6h_subplot_target_timestamp': '2010060400', '+12h_subplot_target_timestamp': '2010060406', '+24h_subplot_target_timestamp': '2010060418', 'x_axis_represents': 'forecast_origin_time_t_elapsed_hours'}"
201003I,Super Cyclone Phet,Held-Out TEST Set,29,2010060321,87.0,2010060309,2010060312,2010060315,2010060318,2010060321,98.0,90.0,83.0,75.0,70.0,65.0,60.0,55.0,50.0,2010060403,2010060409,2010060421,90.98,85.16,70.98,99.18,97.45,89.82,98.0,98.0,98.0,"{'+6h_subplot_target_timestamp': '2010060403', '+12h_subplot_target_timestamp': '2010060409', '+24h_subplot_target_timestamp': '2010060421', 'x_axis_represents': 'forecast_origin_time_t_elapsed_hours'}"
201003I,Super Cyclone Phet,Held-Out TEST Set,30,2010060400,90.0,2010060312,2010060315,2010060318,2010060321,2010060400,90.0,83.0,75.0,70.0,65.0,60.0,55.0,50.0,45.0,2010060406,2010060412,2010060500,99.24,93.51,78.87,100.37,96.35,84.65,90.0,90.0,90.0,"{'+6h_subplot_target_timestamp': '2010060406', '+12h_subplot_target_timestamp': '2010060412', '+24h_subplot_target_timestamp': '2010060500', 'x_axis_represents': 'forecast_origin_time_t_elapsed_hours'}"
201003I,Super Cyclone Phet,Held-Out TEST Set,31,2010060403,93.0,2010060315,2010060318,2010060321,2010060400,2010060403,83.0,75.0,70.0,65.0,60.0,55.0,50.0,45.0,43.0,2010060409,2010060415,2010060503,71.03,61.41,43.5,72.63,64.04,46.17,83.0,83.0,83.0,"{'+6h_subplot_target_timestamp': '2010060409', '+12h_subplot_target_timestamp': '2010060415', '+24h_subplot_target_timestamp': '2010060503', 'x_axis_represents': 'forecast_origin_time_t_elapsed_hours'}"
201003I,Super Cyclone Phet,Held-Out TEST Set,32,2010060406,96.0,2010060318,2010060321,2010060400,2010060403,2010060406,75.0,70.0,65.0,60.0,55.0,50.0,45.0,43.0,40.0,2010060412,2010060418,2010060506,59.42,52.62,39.47,67.69,58.98,41.1,75.0,75.0,75.0,"{'+6h_subplot_target_timestamp': '2010060412', '+12h_subplot_target_timestamp': '2010060418', '+24h_subplot_target_timestamp': '2010060506', 'x_axis_represents': 'forecast_origin_time_t_elapsed_hours'}"
201003I,Super Cyclone Phet,Held-Out TEST Set,33,2010060409,99.0,2010060321,2010060400,2010060403,2010060406,2010060409,70.0,65.0,60.0,55.0,50.0,45.0,43.0,40.0,40.0,2010060415,2010060421,2010060509,51.49,48.89,43.12,62.01,54.58,39.37,70.0,70.0,70.0,"{'+6h_subplot_target_timestamp': '2010060415', '+12h_subplot_target_timestamp': '2010060421', '+24h_subplot_target_timestamp': '2010060509', 'x_axis_represents': 'forecast_origin_time_t_elapsed_hours'}"
201003I,Super Cyclone Phet,Held-Out TEST Set,34,2010060412,102.0,2010060400,2010060403,2010060406,2010060409,2010060412,65.0,60.0,55.0,50.0,45.0,43.0,40.0,40.0,40.0,2010060418,2010060500,2010060512,39.56,37.4,33.05,52.35,47.2,36.6,65.0,65.0,65.0,"{'+6h_subplot_target_timestamp': '2010060418', '+12h_subplot_target_timestamp': '2010060500', '+24h_subplot_target_timestamp': '2010060512', 'x_axis_represents': 'forecast_origin_time_t_elapsed_hours'}"
201003I,Super Cyclone Phet,Held-Out TEST Set,35,2010060415,105.0,2010060403,2010060406,2010060409,2010060412,2010060415,60.0,55.0,50.0,45.0,43.0,40.0,40.0,40.0,38.0,2010060421,2010060503,2010060515,38.82,37.05,33.18,44.73,41.5,34.57,60.0,60.0,60.0,"{'+6h_subplot_target_timestamp': '2010060421', '+12h_subplot_target_timestamp': '2010060503', '+24h_subplot_target_timestamp': '2010060515', 'x_axis_represents': 'forecast_origin_time_t_elapsed_hours'}"
201003I,Super Cyclone Phet,Held-Out TEST Set,36,2010060418,108.0,2010060406,2010060409,2010060412,2010060415,2010060418,55.0,50.0,45.0,43.0,40.0,40.0,40.0,38.0,35.0,2010060500,2010060506,2010060518,39.72,37.85,33.89,49.95,44.51,33.56,55.0,55.0,55.0,"{'+6h_subplot_target_timestamp': '2010060500', '+12h_subplot_target_timestamp': '2010060506', '+24h_subplot_target_timestamp': '2010060518', 'x_axis_represents': 'forecast_origin_time_t_elapsed_hours'}"
201003I,Super Cyclone Phet,Held-Out TEST Set,37,2010060421,111.0,2010060409,2010060412,2010060415,2010060418,2010060421,50.0,45.0,43.0,40.0,40.0,40.0,38.0,35.0,35.0,2010060503,2010060509,2010060521,37.46,36.03,33.1,42.56,38.67,30.82,50.0,50.0,50.0,"{'+6h_subplot_target_timestamp': '2010060503', '+12h_subplot_target_timestamp': '2010060509', '+24h_subplot_target_timestamp': '2010060521', 'x_axis_represents': 'forecast_origin_time_t_elapsed_hours'}"
201003I,Super Cyclone Phet,Held-Out TEST Set,38,2010060500,114.0,2010060412,2010060415,2010060418,2010060421,2010060500,45.0,43.0,40.0,40.0,40.0,38.0,35.0,35.0,35.0,2010060506,2010060512,2010060600,34.12,33.11,31.25,36.22,34.74,31.53,45.0,45.0,45.0,"{'+6h_subplot_target_timestamp': '2010060506', '+12h_subplot_target_timestamp': '2010060512', '+24h_subplot_target_timestamp': '2010060600', 'x_axis_represents': 'forecast_origin_time_t_elapsed_hours'}"
201003I,Super Cyclone Phet,Held-Out TEST Set,39,2010060503,117.0,2010060415,2010060418,2010060421,2010060500,2010060503,43.0,40.0,40.0,40.0,38.0,35.0,35.0,35.0,35.0,2010060509,2010060515,2010060603,34.99,34.43,33.32,33.84,32.5,29.65,43.0,43.0,43.0,"{'+6h_subplot_target_timestamp': '2010060509', '+12h_subplot_target_timestamp': '2010060515', '+24h_subplot_target_timestamp': '2010060603', 'x_axis_represents': 'forecast_origin_time_t_elapsed_hours'}"
201003I,Super Cyclone Phet,Held-Out TEST Set,40,2010060506,120.0,2010060418,2010060421,2010060500,2010060503,2010060506,40.0,40.0,40.0,38.0,35.0,35.0,35.0,35.0,35.0,2010060512,2010060518,2010060606,28.9,27.35,24.59,30.65,29.54,27.27,40.0,40.0,40.0,"{'+6h_subplot_target_timestamp': '2010060512', '+12h_subplot_target_timestamp': '2010060518', '+24h_subplot_target_timestamp': '2010060606', 'x_axis_represents': 'forecast_origin_time_t_elapsed_hours'}"
201003I,Super Cyclone Phet,Held-Out TEST Set,41,2010060509,123.0,2010060421,2010060500,2010060503,2010060506,2010060509,40.0,40.0,38.0,35.0,35.0,35.0,35.0,35.0,33.0,2010060515,2010060521,2010060609,22.98,21.54,19.16,28.0,26.92,24.81,40.0,40.0,40.0,"{'+6h_subplot_target_timestamp': '2010060515', '+12h_subplot_target_timestamp': '2010060521', '+24h_subplot_target_timestamp': '2010060609', 'x_axis_represents': 'forecast_origin_time_t_elapsed_hours'}"
201003I,Super Cyclone Phet,Held-Out TEST Set,42,2010060512,126.0,2010060500,2010060503,2010060506,2010060509,2010060512,40.0,38.0,35.0,35.0,35.0,35.0,35.0,33.0,30.0,2010060518,2010060600,2010060612,20.02,18.79,16.75,27.13,25.97,23.79,40.0,40.0,40.0,"{'+6h_subplot_target_timestamp': '2010060518', '+12h_subplot_target_timestamp': '2010060600', '+24h_subplot_target_timestamp': '2010060612', 'x_axis_represents': 'forecast_origin_time_t_elapsed_hours'}"
201003I,Super Cyclone Phet,Held-Out TEST Set,43,2010060515,129.0,2010060503,2010060506,2010060509,2010060512,2010060515,38.0,35.0,35.0,35.0,35.0,35.0,33.0,30.0,30.0,2010060521,2010060603,2010060615,18.99,18.13,17.01,26.09,25.24,23.7,38.0,38.0,38.0,"{'+6h_subplot_target_timestamp': '2010060521', '+12h_subplot_target_timestamp': '2010060603', '+24h_subplot_target_timestamp': '2010060615', 'x_axis_represents': 'forecast_origin_time_t_elapsed_hours'}"
201003I,Super Cyclone Phet,Held-Out TEST Set,44,2010060518,132.0,2010060506,2010060509,2010060512,2010060515,2010060518,35.0,35.0,35.0,35.0,35.0,33.0,30.0,30.0,30.0,2010060600,2010060606,2010060618,16.99,16.67,16.39,24.37,24.11,23.77,35.0,35.0,35.0,"{'+6h_subplot_target_timestamp': '2010060600', '+12h_subplot_target_timestamp': '2010060606', '+24h_subplot_target_timestamp': '2010060618', 'x_axis_represents': 'forecast_origin_time_t_elapsed_hours'}"
201003I,Super Cyclone Phet,Held-Out TEST Set,45,2010060521,135.0,2010060509,2010060512,2010060515,2010060518,2010060521,35.0,35.0,35.0,35.0,33.0,30.0,30.0,30.0,28.0,2010060603,2010060609,2010060621,18.11,18.16,18.6,24.64,24.21,23.53,35.0,35.0,35.0,"{'+6h_subplot_target_timestamp': '2010060603', '+12h_subplot_target_timestamp': '2010060609', '+24h_subplot_target_timestamp': '2010060621', 'x_axis_represents': 'forecast_origin_time_t_elapsed_hours'}"
201003I,Super Cyclone Phet,Held-Out TEST Set,46,2010060600,138.0,2010060512,2010060515,2010060518,2010060521,2010060600,35.0,35.0,35.0,33.0,30.0,30.0,30.0,28.0,25.0,2010060606,2010060612,2010060700,20.22,20.3,20.8,24.93,24.32,23.26,35.0,35.0,35.0,"{'+6h_subplot_target_timestamp': '2010060606', '+12h_subplot_target_timestamp': '2010060612', '+24h_subplot_target_timestamp': '2010060700', 'x_axis_represents': 'forecast_origin_time_t_elapsed_hours'}"
201003I,Super Cyclone Phet,Held-Out TEST Set,47,2010060603,141.0,2010060515,2010060518,2010060521,2010060600,2010060603,35.0,35.0,33.0,30.0,30.0,30.0,28.0,25.0,28.0,2010060609,2010060615,2010060703,24.75,24.63,24.68,27.05,26.34,25.02,35.0,35.0,35.0,"{'+6h_subplot_target_timestamp': '2010060609', '+12h_subplot_target_timestamp': '2010060615', '+24h_subplot_target_timestamp': '2010060703', 'x_axis_represents': 'forecast_origin_time_t_elapsed_hours'}"
201003I,Super Cyclone Phet,Held-Out TEST Set,48,2010060606,144.0,2010060518,2010060521,2010060600,2010060603,2010060606,35.0,33.0,30.0,30.0,30.0,28.0,25.0,28.0,30.0,2010060612,2010060618,2010060706,25.0,25.13,25.51,27.74,26.95,25.4,35.0,35.0,35.0,"{'+6h_subplot_target_timestamp': '2010060612', '+12h_subplot_target_timestamp': '2010060618', '+24h_subplot_target_timestamp': '2010060706', 'x_axis_represents': 'forecast_origin_time_t_elapsed_hours'}"
200801I,VSCS Nargis,Held-Out TEST Set,0,2008042606,0.0,2008042518,2008042521,2008042600,2008042603,2008042606,20.0,20.0,20.0,23.0,25.0,25.0,25.0,28.0,30.0,2008042612,2008042618,2008042706,24.07,28.37,38.29,25.46,28.57,34.61,20.0,20.0,20.0,"{'+6h_subplot_target_timestamp': '2008042612', '+12h_subplot_target_timestamp': '2008042618', '+24h_subplot_target_timestamp': '2008042706', 'x_axis_represents': 'forecast_origin_time_t_elapsed_hours'}"
200801I,VSCS Nargis,Held-Out TEST Set,1,2008042609,3.0,2008042521,2008042600,2008042603,2008042606,2008042609,20.0,20.0,23.0,25.0,25.0,25.0,28.0,30.0,33.0,2008042615,2008042621,2008042709,23.96,27.0,34.03,24.56,27.25,32.5,20.0,20.0,20.0,"{'+6h_subplot_target_timestamp': '2008042615', '+12h_subplot_target_timestamp': '2008042621', '+24h_subplot_target_timestamp': '2008042709', 'x_axis_represents': 'forecast_origin_time_t_elapsed_hours'}"
200801I,VSCS Nargis,Held-Out TEST Set,2,2008042612,6.0,2008042600,2008042603,2008042606,2008042609,2008042612,20.0,23.0,25.0,25.0,25.0,28.0,30.0,33.0,35.0,2008042618,2008042700,2008042712,24.26,27.12,33.73,24.37,27.04,32.3,20.0,20.0,20.0,"{'+6h_subplot_target_timestamp': '2008042618', '+12h_subplot_target_timestamp': '2008042700', '+24h_subplot_target_timestamp': '2008042712', 'x_axis_represents': 'forecast_origin_time_t_elapsed_hours'}"
200801I,VSCS Nargis,Held-Out TEST Set,3,2008042615,9.0,2008042603,2008042606,2008042609,2008042612,2008042615,23.0,25.0,25.0,25.0,28.0,30.0,33.0,35.0,40.0,2008042621,2008042703,2008042715,23.89,27.24,35.14,24.78,27.66,33.34,23.0,23.0,23.0,"{'+6h_subplot_target_timestamp': '2008042621', '+12h_subplot_target_timestamp': '2008042703', '+24h_subplot_target_timestamp': '2008042715', 'x_axis_represents': 'forecast_origin_time_t_elapsed_hours'}"
200801I,VSCS Nargis,Held-Out TEST Set,4,2008042618,12.0,2008042606,2008042609,2008042612,2008042615,2008042618,25.0,25.0,25.0,28.0,30.0,33.0,35.0,40.0,45.0,2008042700,2008042706,2008042718,25.31,29.1,37.87,26.91,31.05,38.97,25.0,25.0,25.0,"{'+6h_subplot_target_timestamp': '2008042700', '+12h_subplot_target_timestamp': '2008042706', '+24h_subplot_target_timestamp': '2008042718', 'x_axis_represents': 'forecast_origin_time_t_elapsed_hours'}"
200801I,VSCS Nargis,Held-Out TEST Set,5,2008042621,15.0,2008042609,2008042612,2008042615,2008042618,2008042621,25.0,25.0,28.0,30.0,33.0,35.0,40.0,45.0,50.0,2008042703,2008042709,2008042721,26.43,31.45,42.74,29.12,34.0,43.13,25.0,25.0,25.0,"{'+6h_subplot_target_timestamp': '2008042703', '+12h_subplot_target_timestamp': '2008042709', '+24h_subplot_target_timestamp': '2008042721', 'x_axis_represents': 'forecast_origin_time_t_elapsed_hours'}"
200801I,VSCS Nargis,Held-Out TEST Set,6,2008042700,18.0,2008042612,2008042615,2008042618,2008042621,2008042700,25.0,28.0,30.0,33.0,35.0,40.0,45.0,50.0,55.0,2008042706,2008042712,2008042800,29.07,35.11,48.42,32.49,37.69,47.29,25.0,25.0,25.0,"{'+6h_subplot_target_timestamp': '2008042706', '+12h_subplot_target_timestamp': '2008042712', '+24h_subplot_target_timestamp': '2008042800', 'x_axis_represents': 'forecast_origin_time_t_elapsed_hours'}"
200801I,VSCS Nargis,Held-Out TEST Set,7,2008042703,21.0,2008042615,2008042618,2008042621,2008042700,2008042703,28.0,30.0,33.0,35.0,40.0,45.0,50.0,55.0,60.0,2008042709,2008042715,2008042803,31.04,37.39,51.43,33.56,38.45,47.45,28.0,28.0,28.0,"{'+6h_subplot_target_timestamp': '2008042709', '+12h_subplot_target_timestamp': '2008042715', '+24h_subplot_target_timestamp': '2008042803', 'x_axis_represents': 'forecast_origin_time_t_elapsed_hours'}"
200801I,VSCS Nargis,Held-Out TEST Set,8,2008042706,24.0,2008042618,2008042621,2008042700,2008042703,2008042706,30.0,33.0,35.0,40.0,45.0,50.0,55.0,60.0,65.0,2008042712,2008042718,2008042806,33.8,39.31,51.35,35.52,40.59,49.88,30.0,30.0,30.0,"{'+6h_subplot_target_timestamp': '2008042712', '+12h_subplot_target_timestamp': '2008042718', '+24h_subplot_target_timestamp': '2008042806', 'x_axis_represents': 'forecast_origin_time_t_elapsed_hours'}"
200801I,VSCS Nargis,Held-Out TEST Set,9,2008042709,27.0,2008042621,2008042700,2008042703,2008042706,2008042709,33.0,35.0,40.0,45.0,50.0,55.0,60.0,65.0,68.0,2008042715,2008042721,2008042809,36.72,41.5,51.79,33.14,37.65,46.02,33.0,33.0,33.0,"{'+6h_subplot_target_timestamp': '2008042715', '+12h_subplot_target_timestamp': '2008042721', '+24h_subplot_target_timestamp': '2008042809', 'x_axis_represents': 'forecast_origin_time_t_elapsed_hours'}"
200801I,VSCS Nargis,Held-Out TEST Set,10,2008042712,30.0,2008042700,2008042703,2008042706,2008042709,2008042712,35.0,40.0,45.0,50.0,55.0,60.0,65.0,68.0,70.0,2008042718,2008042800,2008042812,41.24,44.98,52.44,34.99,40.08,49.47,35.0,35.0,35.0,"{'+6h_subplot_target_timestamp': '2008042718', '+12h_subplot_target_timestamp': '2008042800', '+24h_subplot_target_timestamp': '2008042812', 'x_axis_represents': 'forecast_origin_time_t_elapsed_hours'}"
200801I,VSCS Nargis,Held-Out TEST Set,11,2008042715,33.0,2008042703,2008042706,2008042709,2008042712,2008042715,40.0,45.0,50.0,55.0,60.0,65.0,68.0,70.0,73.0,2008042721,2008042803,2008042815,43.87,48.76,58.92,39.8,46.59,58.8,40.0,40.0,40.0,"{'+6h_subplot_target_timestamp': '2008042721', '+12h_subplot_target_timestamp': '2008042803', '+24h_subplot_target_timestamp': '2008042815', 'x_axis_represents': 'forecast_origin_time_t_elapsed_hours'}"
200801I,VSCS Nargis,Held-Out TEST Set,12,2008042718,36.0,2008042706,2008042709,2008042712,2008042715,2008042718,45.0,50.0,55.0,60.0,65.0,68.0,70.0,73.0,75.0,2008042800,2008042806,2008042818,47.32,51.48,59.86,46.56,54.56,68.63,45.0,45.0,45.0,"{'+6h_subplot_target_timestamp': '2008042800', '+12h_subplot_target_timestamp': '2008042806', '+24h_subplot_target_timestamp': '2008042818', 'x_axis_represents': 'forecast_origin_time_t_elapsed_hours'}"
200801I,VSCS Nargis,Held-Out TEST Set,13,2008042721,39.0,2008042709,2008042712,2008042715,2008042718,2008042721,50.0,55.0,60.0,65.0,68.0,70.0,73.0,75.0,75.0,2008042803,2008042809,2008042821,52.64,55.96,62.05,50.47,58.83,73.35,50.0,50.0,50.0,"{'+6h_subplot_target_timestamp': '2008042803', '+12h_subplot_target_timestamp': '2008042809', '+24h_subplot_target_timestamp': '2008042821', 'x_axis_represents': 'forecast_origin_time_t_elapsed_hours'}"
200801I,VSCS Nargis,Held-Out TEST Set,14,2008042800,42.0,2008042712,2008042715,2008042718,2008042721,2008042800,55.0,60.0,65.0,68.0,70.0,73.0,75.0,75.0,75.0,2008042806,2008042812,2008042900,61.89,64.23,67.48,62.38,72.03,88.06,55.0,55.0,55.0,"{'+6h_subplot_target_timestamp': '2008042806', '+12h_subplot_target_timestamp': '2008042812', '+24h_subplot_target_timestamp': '2008042900', 'x_axis_represents': 'forecast_origin_time_t_elapsed_hours'}"
200801I,VSCS Nargis,Held-Out TEST Set,15,2008042803,45.0,2008042715,2008042718,2008042721,2008042800,2008042803,60.0,65.0,68.0,70.0,73.0,75.0,75.0,75.0,75.0,2008042809,2008042815,2008042903,66.45,69.98,75.7,64.6,72.91,86.44,60.0,60.0,60.0,"{'+6h_subplot_target_timestamp': '2008042809', '+12h_subplot_target_timestamp': '2008042815', '+24h_subplot_target_timestamp': '2008042903', 'x_axis_represents': 'forecast_origin_time_t_elapsed_hours'}"
200801I,VSCS Nargis,Held-Out TEST Set,16,2008042806,48.0,2008042718,2008042721,2008042800,2008042803,2008042806,65.0,68.0,70.0,73.0,75.0,75.0,75.0,75.0,75.0,2008042812,2008042818,2008042906,68.63,71.05,73.98,66.6,75.1,88.82,65.0,65.0,65.0,"{'+6h_subplot_target_timestamp': '2008042812', '+12h_subplot_target_timestamp': '2008042818', '+24h_subplot_target_timestamp': '2008042906', 'x_axis_represents': 'forecast_origin_time_t_elapsed_hours'}"
200801I,VSCS Nargis,Held-Out TEST Set,17,2008042809,51.0,2008042721,2008042800,2008042803,2008042806,2008042809,68.0,70.0,73.0,75.0,75.0,75.0,75.0,75.0,73.0,2008042815,2008042821,2008042909,74.82,76.41,77.26,73.04,78.39,85.67,68.0,68.0,68.0,"{'+6h_subplot_target_timestamp': '2008042815', '+12h_subplot_target_timestamp': '2008042821', '+24h_subplot_target_timestamp': '2008042909', 'x_axis_represents': 'forecast_origin_time_t_elapsed_hours'}"
200801I,VSCS Nargis,Held-Out TEST Set,18,2008042812,54.0,2008042800,2008042803,2008042806,2008042809,2008042812,70.0,73.0,75.0,75.0,75.0,75.0,75.0,73.0,70.0,2008042818,2008042900,2008042912,81.02,81.73,80.17,81.68,82.5,80.98,70.0,70.0,70.0,"{'+6h_subplot_target_timestamp': '2008042818', '+12h_subplot_target_timestamp': '2008042900', '+24h_subplot_target_timestamp': '2008042912', 'x_axis_represents': 'forecast_origin_time_t_elapsed_hours'}"
200801I,VSCS Nargis,Held-Out TEST Set,19,2008042815,57.0,2008042803,2008042806,2008042809,2008042812,2008042815,73.0,75.0,75.0,75.0,75.0,75.0,73.0,70.0,70.0,2008042821,2008042903,2008042915,83.1,79.98,70.77,81.6,81.76,78.87,73.0,73.0,73.0,"{'+6h_subplot_target_timestamp': '2008042821', '+12h_subplot_target_timestamp': '2008042903', '+24h_subplot_target_timestamp': '2008042915', 'x_axis_represents': 'forecast_origin_time_t_elapsed_hours'}"
200801I,VSCS Nargis,Held-Out TEST Set,20,2008042818,60.0,2008042806,2008042809,2008042812,2008042815,2008042818,75.0,75.0,75.0,75.0,75.0,73.0,70.0,70.0,70.0,2008042900,2008042906,2008042918,87.2,82.46,70.44,85.28,84.83,80.78,75.0,75.0,75.0,"{'+6h_subplot_target_timestamp': '2008042900', '+12h_subplot_target_timestamp': '2008042906', '+24h_subplot_target_timestamp': '2008042918', 'x_axis_represents': 'forecast_origin_time_t_elapsed_hours'}"
200801I,VSCS Nargis,Held-Out TEST Set,21,2008042821,63.0,2008042809,2008042812,2008042815,2008042818,2008042821,75.0,75.0,75.0,75.0,73.0,70.0,70.0,70.0,70.0,2008042903,2008042909,2008042921,93.41,87.92,74.03,85.17,87.16,87.45,75.0,75.0,75.0,"{'+6h_subplot_target_timestamp': '2008042903', '+12h_subplot_target_timestamp': '2008042909', '+24h_subplot_target_timestamp': '2008042921', 'x_axis_represents': 'forecast_origin_time_t_elapsed_hours'}"
200801I,VSCS Nargis,Held-Out TEST Set,22,2008042900,66.0,2008042812,2008042815,2008042818,2008042821,2008042900,75.0,75.0,75.0,73.0,70.0,70.0,70.0,70.0,70.0,2008042906,2008042912,2008043000,89.59,84.47,71.83,79.41,78.71,74.77,75.0,75.0,75.0,"{'+6h_subplot_target_timestamp': '2008042906', '+12h_subplot_target_timestamp': '2008042912', '+24h_subplot_target_timestamp': '2008043000', 'x_axis_represents': 'forecast_origin_time_t_elapsed_hours'}"
200801I,VSCS Nargis,Held-Out TEST Set,23,2008042903,69.0,2008042815,2008042818,2008042821,2008042900,2008042903,75.0,75.0,73.0,70.0,70.0,70.0,70.0,70.0,65.0,2008042909,2008042915,2008043003,89.53,82.11,65.6,79.86,76.19,66.73,75.0,75.0,75.0,"{'+6h_subplot_target_timestamp': '2008042909', '+12h_subplot_target_timestamp': '2008042915', '+24h_subplot_target_timestamp': '2008043003', 'x_axis_represents': 'forecast_origin_time_t_elapsed_hours'}"
200801I,VSCS Nargis,Held-Out TEST Set,24,2008042906,72.0,2008042818,2008042821,2008042900,2008042903,2008042906,75.0,73.0,70.0,70.0,70.0,70.0,70.0,65.0,60.0,2008042912,2008042918,2008043006,80.33,71.35,53.18,70.44,67.11,58.89,75.0,75.0,75.0,"{'+6h_subplot_target_timestamp': '2008042912', '+12h_subplot_target_timestamp': '2008042918', '+24h_subplot_target_timestamp': '2008043006', 'x_axis_represents': 'forecast_origin_time_t_elapsed_hours'}"
200801I,VSCS Nargis,Held-Out TEST Set,25,2008042909,75.0,2008042821,2008042900,2008042903,2008042906,2008042909,73.0,70.0,70.0,70.0,70.0,70.0,65.0,60.0,63.0,2008042915,2008042921,2008043009,69.25,58.81,40.18,63.23,59.05,49.64,73.0,73.0,73.0,"{'+6h_subplot_target_timestamp': '2008042915', '+12h_subplot_target_timestamp': '2008042921', '+24h_subplot_target_timestamp': '2008043009', 'x_axis_represents': 'forecast_origin_time_t_elapsed_hours'}"
200801I,VSCS Nargis,Held-Out TEST Set,26,2008042912,78.0,2008042900,2008042903,2008042906,2008042909,2008042912,70.0,70.0,70.0,70.0,70.0,65.0,60.0,63.0,65.0,2008042918,2008043000,2008043012,54.54,46.58,32.73,53.9,52.77,49.52,70.0,70.0,70.0,"{'+6h_subplot_target_timestamp': '2008042918', '+12h_subplot_target_timestamp': '2008043000', '+24h_subplot_target_timestamp': '2008043012', 'x_axis_represents': 'forecast_origin_time_t_elapsed_hours'}"
200801I,VSCS Nargis,Held-Out TEST Set,27,2008042915,81.0,2008042903,2008042906,2008042909,2008042912,2008042915,70.0,70.0,70.0,70.0,65.0,60.0,63.0,65.0,65.0,2008042921,2008043003,2008043015,47.49,42.39,32.94,53.89,53.1,50.5,70.0,70.0,70.0,"{'+6h_subplot_target_timestamp': '2008042921', '+12h_subplot_target_timestamp': '2008043003', '+24h_subplot_target_timestamp': '2008043015', 'x_axis_represents': 'forecast_origin_time_t_elapsed_hours'}"
200801I,VSCS Nargis,Held-Out TEST Set,28,2008042918,84.0,2008042906,2008042909,2008042912,2008042915,2008042918,70.0,70.0,70.0,65.0,60.0,63.0,65.0,65.0,65.0,2008043000,2008043006,2008043018,43.19,40.81,35.97,51.46,52.86,54.32,70.0,70.0,70.0,"{'+6h_subplot_target_timestamp': '2008043000', '+12h_subplot_target_timestamp': '2008043006', '+24h_subplot_target_timestamp': '2008043018', 'x_axis_represents': 'forecast_origin_time_t_elapsed_hours'}"
200801I,VSCS Nargis,Held-Out TEST Set,29,2008042921,87.0,2008042909,2008042912,2008042915,2008042918,2008042921,70.0,70.0,65.0,60.0,63.0,65.0,65.0,65.0,65.0,2008043003,2008043009,2008043021,42.39,42.05,40.73,53.56,55.27,57.2,70.0,70.0,70.0,"{'+6h_subplot_target_timestamp': '2008043003', '+12h_subplot_target_timestamp': '2008043009', '+24h_subplot_target_timestamp': '2008043021', 'x_axis_represents': 'forecast_origin_time_t_elapsed_hours'}"
200801I,VSCS Nargis,Held-Out TEST Set,30,2008043000,90.0,2008042912,2008042915,2008042918,2008042921,2008043000,70.0,65.0,60.0,63.0,65.0,65.0,65.0,65.0,65.0,2008043006,2008043012,2008050100,45.99,47.41,49.76,57.62,60.16,63.41,70.0,70.0,70.0,"{'+6h_subplot_target_timestamp': '2008043006', '+12h_subplot_target_timestamp': '2008043012', '+24h_subplot_target_timestamp': '2008050100', 'x_axis_represents': 'forecast_origin_time_t_elapsed_hours'}"
200801I,VSCS Nargis,Held-Out TEST Set,31,2008043003,93.0,2008042915,2008042918,2008042921,2008043000,2008043003,65.0,60.0,63.0,65.0,65.0,65.0,65.0,65.0,68.0,2008043009,2008043015,2008050103,50.32,53.55,59.4,63.6,64.15,63.4,65.0,65.0,65.0,"{'+6h_subplot_target_timestamp': '2008043009', '+12h_subplot_target_timestamp': '2008043015', '+24h_subplot_target_timestamp': '2008050103', 'x_axis_represents': 'forecast_origin_time_t_elapsed_hours'}"
200801I,VSCS Nargis,Held-Out TEST Set,32,2008043006,96.0,2008042918,2008042921,2008043000,2008043003,2008043006,60.0,63.0,65.0,65.0,65.0,65.0,65.0,68.0,70.0,2008043012,2008043018,2008050106,54.33,55.7,57.24,66.17,67.94,69.25,60.0,60.0,60.0,"{'+6h_subplot_target_timestamp': '2008043012', '+12h_subplot_target_timestamp': '2008043018', '+24h_subplot_target_timestamp': '2008050106', 'x_axis_represents': 'forecast_origin_time_t_elapsed_hours'}"
200801I,VSCS Nargis,Held-Out TEST Set,33,2008043009,99.0,2008042921,2008043000,2008043003,2008043006,2008043009,63.0,65.0,65.0,65.0,65.0,65.0,68.0,70.0,85.0,2008043015,2008043021,2008050109,61.41,60.67,57.5,68.29,69.01,68.29,63.0,63.0,63.0,"{'+6h_subplot_target_timestamp': '2008043015', '+12h_subplot_target_timestamp': '2008043021', '+24h_subplot_target_timestamp': '2008050109', 'x_axis_represents': 'forecast_origin_time_t_elapsed_hours'}"
200801I,VSCS Nargis,Held-Out TEST Set,34,2008043012,102.0,2008043000,2008043003,2008043006,2008043009,2008043012,65.0,65.0,65.0,65.0,65.0,68.0,70.0,85.0,100.0,2008043018,2008050100,2008050112,65.31,62.13,54.21,70.52,69.83,66.38,65.0,65.0,65.0,"{'+6h_subplot_target_timestamp': '2008043018', '+12h_subplot_target_timestamp': '2008050100', '+24h_subplot_target_timestamp': '2008050112', 'x_axis_represents': 'forecast_origin_time_t_elapsed_hours'}"
200801I,VSCS Nargis,Held-Out TEST Set,35,2008043015,105.0,2008043003,2008043006,2008043009,2008043012,2008043015,65.0,65.0,65.0,65.0,68.0,70.0,85.0,100.0,100.0,2008043021,2008050103,2008050115,71.97,65.97,53.03,71.24,69.67,64.55,65.0,65.0,65.0,"{'+6h_subplot_target_timestamp': '2008043021', '+12h_subplot_target_timestamp': '2008050103', '+24h_subplot_target_timestamp': '2008050115', 'x_axis_represents': 'forecast_origin_time_t_elapsed_hours'}"
200801I,VSCS Nargis,Held-Out TEST Set,36,2008043018,108.0,2008043006,2008043009,2008043012,2008043015,2008043018,65.0,65.0,65.0,68.0,70.0,85.0,100.0,100.0,100.0,2008050100,2008050106,2008050118,66.88,62.8,53.64,72.47,72.49,70.34,65.0,65.0,65.0,"{'+6h_subplot_target_timestamp': '2008050100', '+12h_subplot_target_timestamp': '2008050106', '+24h_subplot_target_timestamp': '2008050118', 'x_axis_represents': 'forecast_origin_time_t_elapsed_hours'}"
200801I,VSCS Nargis,Held-Out TEST Set,37,2008043021,111.0,2008043009,2008043012,2008043015,2008043018,2008043021,65.0,65.0,68.0,70.0,85.0,100.0,100.0,100.0,105.0,2008050103,2008050109,2008050121,70.06,67.83,61.39,70.89,74.79,79.7,65.0,65.0,65.0,"{'+6h_subplot_target_timestamp': '2008050103', '+12h_subplot_target_timestamp': '2008050109', '+24h_subplot_target_timestamp': '2008050121', 'x_axis_represents': 'forecast_origin_time_t_elapsed_hours'}"
200801I,VSCS Nargis,Held-Out TEST Set,38,2008050100,114.0,2008043012,2008043015,2008043018,2008043021,2008050100,65.0,68.0,70.0,85.0,100.0,100.0,100.0,105.0,110.0,2008050106,2008050112,2008050200,67.61,65.77,60.32,73.34,77.9,83.86,65.0,65.0,65.0,"{'+6h_subplot_target_timestamp': '2008050106', '+12h_subplot_target_timestamp': '2008050112', '+24h_subplot_target_timestamp': '2008050200', 'x_axis_represents': 'forecast_origin_time_t_elapsed_hours'}"
200801I,VSCS Nargis,Held-Out TEST Set,39,2008050103,117.0,2008043015,2008043018,2008043021,2008050100,2008050103,68.0,70.0,85.0,100.0,100.0,100.0,105.0,110.0,113.0,2008050109,2008050115,2008050203,75.04,75.52,73.73,85.86,87.81,87.81,68.0,68.0,68.0,"{'+6h_subplot_target_timestamp': '2008050109', '+12h_subplot_target_timestamp': '2008050115', '+24h_subplot_target_timestamp': '2008050203', 'x_axis_represents': 'forecast_origin_time_t_elapsed_hours'}"
200801I,VSCS Nargis,Held-Out TEST Set,40,2008050106,120.0,2008043018,2008043021,2008050100,2008050103,2008050106,70.0,85.0,100.0,100.0,100.0,105.0,110.0,113.0,115.0,2008050112,2008050118,2008050206,78.89,76.12,67.91,87.27,83.4,72.72,70.0,70.0,70.0,"{'+6h_subplot_target_timestamp': '2008050112', '+12h_subplot_target_timestamp': '2008050118', '+24h_subplot_target_timestamp': '2008050206', 'x_axis_represents': 'forecast_origin_time_t_elapsed_hours'}"
200801I,VSCS Nargis,Held-Out TEST Set,41,2008050109,123.0,2008043021,2008050100,2008050103,2008050106,2008050109,85.0,100.0,100.0,100.0,105.0,110.0,113.0,115.0,115.0,2008050115,2008050121,2008050209,90.48,83.0,65.97,91.38,84.81,68.98,85.0,85.0,85.0,"{'+6h_subplot_target_timestamp': '2008050115', '+12h_subplot_target_timestamp': '2008050121', '+24h_subplot_target_timestamp': '2008050209', 'x_axis_represents': 'forecast_origin_time_t_elapsed_hours'}"
200801I,VSCS Nargis,Held-Out TEST Set,42,2008050112,126.0,2008050100,2008050103,2008050106,2008050109,2008050112,100.0,100.0,100.0,105.0,110.0,113.0,115.0,115.0,115.0,2008050118,2008050200,2008050212,90.18,80.87,61.07,91.77,84.26,66.71,100.0,100.0,100.0,"{'+6h_subplot_target_timestamp': '2008050118', '+12h_subplot_target_timestamp': '2008050200', '+24h_subplot_target_timestamp': '2008050212', 'x_axis_represents': 'forecast_origin_time_t_elapsed_hours'}"
200801I,VSCS Nargis,Held-Out TEST Set,43,2008050115,129.0,2008050103,2008050106,2008050109,2008050112,2008050115,100.0,100.0,105.0,110.0,113.0,115.0,115.0,115.0,100.0,2008050121,2008050203,2008050215,99.35,85.4,58.34,97.6,89.84,71.36,100.0,100.0,100.0,"{'+6h_subplot_target_timestamp': '2008050121', '+12h_subplot_target_timestamp': '2008050203', '+24h_subplot_target_timestamp': '2008050215', 'x_axis_represents': 'forecast_origin_time_t_elapsed_hours'}"
200801I,VSCS Nargis,Held-Out TEST Set,44,2008050118,132.0,2008050106,2008050109,2008050112,2008050115,2008050118,100.0,105.0,110.0,113.0,115.0,115.0,115.0,100.0,85.0,2008050200,2008050206,2008050218,93.24,79.15,52.7,106.9,100.5,83.55,100.0,100.0,100.0,"{'+6h_subplot_target_timestamp': '2008050200', '+12h_subplot_target_timestamp': '2008050206', '+24h_subplot_target_timestamp': '2008050218', 'x_axis_represents': 'forecast_origin_time_t_elapsed_hours'}"
200801I,VSCS Nargis,Held-Out TEST Set,45,2008050121,135.0,2008050109,2008050112,2008050115,2008050118,2008050121,105.0,110.0,113.0,115.0,115.0,115.0,100.0,85.0,78.0,2008050203,2008050209,2008050221,96.36,81.15,53.16,95.55,85.62,63.71,105.0,105.0,105.0,"{'+6h_subplot_target_timestamp': '2008050203', '+12h_subplot_target_timestamp': '2008050209', '+24h_subplot_target_timestamp': '2008050221', 'x_axis_represents': 'forecast_origin_time_t_elapsed_hours'}"
200801I,VSCS Nargis,Held-Out TEST Set,46,2008050200,138.0,2008050112,2008050115,2008050118,2008050121,2008050200,110.0,113.0,115.0,115.0,115.0,100.0,85.0,78.0,70.0,2008050206,2008050212,2008050300,92.3,79.95,56.03,91.55,82.29,62.07,110.0,110.0,110.0,"{'+6h_subplot_target_timestamp': '2008050206', '+12h_subplot_target_timestamp': '2008050212', '+24h_subplot_target_timestamp': '2008050300', 'x_axis_represents': 'forecast_origin_time_t_elapsed_hours'}"
200801I,VSCS Nargis,Held-Out TEST Set,47,2008050203,141.0,2008050115,2008050118,2008050121,2008050200,2008050203,113.0,115.0,115.0,115.0,100.0,85.0,78.0,70.0,60.0,2008050209,2008050215,2008050303,99.96,87.8,63.02,95.57,86.97,67.42,113.0,113.0,113.0,"{'+6h_subplot_target_timestamp': '2008050209', '+12h_subplot_target_timestamp': '2008050215', '+24h_subplot_target_timestamp': '2008050303', 'x_axis_represents': 'forecast_origin_time_t_elapsed_hours'}"
200801I,VSCS Nargis,Held-Out TEST Set,48,2008050206,144.0,2008050118,2008050121,2008050200,2008050203,2008050206,115.0,115.0,115.0,100.0,85.0,78.0,70.0,60.0,50.0,2008050212,2008050218,2008050306,101.12,91.29,69.61,101.59,94.9,78.02,115.0,115.0,115.0,"{'+6h_subplot_target_timestamp': '2008050212', '+12h_subplot_target_timestamp': '2008050218', '+24h_subplot_target_timestamp': '2008050306', 'x_axis_represents': 'forecast_origin_time_t_elapsed_hours'}"
200801I,VSCS Nargis,Held-Out TEST Set,49,2008050209,147.0,2008050121,2008050200,2008050203,2008050206,2008050209,115.0,115.0,100.0,85.0,78.0,70.0,60.0,50.0,45.0,2008050215,2008050221,2008050309,98.62,87.47,64.17,96.67,89.38,71.9,115.0,115.0,115.0,"{'+6h_subplot_target_timestamp': '2008050215', '+12h_subplot_target_timestamp': '2008050221', '+24h_subplot_target_timestamp': '2008050309', 'x_axis_represents': 'forecast_origin_time_t_elapsed_hours'}"
200801I,VSCS Nargis,Held-Out TEST Set,50,2008050212,150.0,2008050200,2008050203,2008050206,2008050209,2008050212,115.0,100.0,85.0,78.0,70.0,60.0,50.0,45.0,40.0,2008050218,2008050300,2008050312,100.91,88.2,62.67,87.25,76.93,54.86,115.0,115.0,115.0,"{'+6h_subplot_target_timestamp': '2008050218', '+12h_subplot_target_timestamp': '2008050300', '+24h_subplot_target_timestamp': '2008050312', 'x_axis_represents': 'forecast_origin_time_t_elapsed_hours'}"
200801I,VSCS Nargis,Held-Out TEST Set,51,2008050215,153.0,2008050203,2008050206,2008050209,2008050212,2008050215,100.0,85.0,78.0,70.0,60.0,50.0,45.0,40.0,35.0,2008050221,2008050303,2008050315,88.54,72.77,45.59,82.92,71.93,49.15,100.0,100.0,100.0,"{'+6h_subplot_target_timestamp': '2008050221', '+12h_subplot_target_timestamp': '2008050303', '+24h_subplot_target_timestamp': '2008050315', 'x_axis_represents': 'forecast_origin_time_t_elapsed_hours'}"
200801I,VSCS Nargis,Held-Out TEST Set,52,2008050218,156.0,2008050206,2008050209,2008050212,2008050215,2008050218,85.0,78.0,70.0,60.0,50.0,45.0,40.0,35.0,30.0,2008050300,2008050306,2008050318,66.08,54.17,34.57,75.98,65.99,45.51,85.0,85.0,85.0,"{'+6h_subplot_target_timestamp': '2008050300', '+12h_subplot_target_timestamp': '2008050306', '+24h_subplot_target_timestamp': '2008050318', 'x_axis_represents': 'forecast_origin_time_t_elapsed_hours'}"
200801I,VSCS Nargis,Held-Out TEST Set,53,2008050221,159.0,2008050209,2008050212,2008050215,2008050218,2008050221,78.0,70.0,60.0,50.0,45.0,40.0,35.0,30.0,28.0,2008050303,2008050309,2008050321,57.41,48.05,32.34,63.25,55.04,38.35,78.0,78.0,78.0,"{'+6h_subplot_target_timestamp': '2008050303', '+12h_subplot_target_timestamp': '2008050309', '+24h_subplot_target_timestamp': '2008050321', 'x_axis_represents': 'forecast_origin_time_t_elapsed_hours'}"
200801I,VSCS Nargis,Held-Out TEST Set,54,2008050300,162.0,2008050212,2008050215,2008050218,2008050221,2008050300,70.0,60.0,50.0,45.0,40.0,35.0,30.0,28.0,25.0,2008050306,2008050312,2008050400,51.82,45.77,34.27,55.0,48.46,35.14,70.0,70.0,70.0,"{'+6h_subplot_target_timestamp': '2008050306', '+12h_subplot_target_timestamp': '2008050312', '+24h_subplot_target_timestamp': '2008050400', 'x_axis_represents': 'forecast_origin_time_t_elapsed_hours'}"
201004I,Super Cyclone Giri,Validation Split,0,2010102006,0.0,2010101918,2010101921,2010102000,2010102003,2010102006,30.0,30.0,30.0,33.0,35.0,43.0,50.0,53.0,55.0,2010102012,2010102018,2010102106,31.43,35.02,43.02,30.19,32.48,36.87,30.0,30.0,30.0,"{'+6h_subplot_target_timestamp': '2010102012', '+12h_subplot_target_timestamp': '2010102018', '+24h_subplot_target_timestamp': '2010102106', 'x_axis_represents': 'forecast_origin_time_t_elapsed_hours'}"
201004I,Super Cyclone Giri,Validation Split,1,2010102009,3.0,2010101921,2010102000,2010102003,2010102006,2010102009,30.0,30.0,33.0,35.0,43.0,50.0,53.0,55.0,60.0,2010102015,2010102021,2010102109,33.6,36.25,42.0,34.72,37.55,42.66,30.0,30.0,30.0,"{'+6h_subplot_target_timestamp': '2010102015', '+12h_subplot_target_timestamp': '2010102021', '+24h_subplot_target_timestamp': '2010102109', 'x_axis_represents': 'forecast_origin_time_t_elapsed_hours'}"
201004I,Super Cyclone Giri,Validation Split,2,2010102012,6.0,2010102000,2010102003,2010102006,2010102009,2010102012,30.0,33.0,35.0,43.0,50.0,53.0,55.0,60.0,65.0,2010102018,2010102100,2010102112,31.64,33.71,38.35,33.76,35.82,39.46,30.0,30.0,30.0,"{'+6h_subplot_target_timestamp': '2010102018', '+12h_subplot_target_timestamp': '2010102100', '+24h_subplot_target_timestamp': '2010102112', 'x_axis_represents': 'forecast_origin_time_t_elapsed_hours'}"
201004I,Super Cyclone Giri,Validation Split,3,2010102015,9.0,2010102003,2010102006,2010102009,2010102012,2010102015,33.0,35.0,43.0,50.0,53.0,55.0,60.0,65.0,68.0,2010102021,2010102103,2010102115,32.28,33.28,35.44,34.67,34.57,34.04,33.0,33.0,33.0,"{'+6h_subplot_target_timestamp': '2010102021', '+12h_subplot_target_timestamp': '2010102103', '+24h_subplot_target_timestamp': '2010102115', 'x_axis_represents': 'forecast_origin_time_t_elapsed_hours'}"
201004I,Super Cyclone Giri,Validation Split,4,2010102018,12.0,2010102006,2010102009,2010102012,2010102015,2010102018,35.0,43.0,50.0,53.0,55.0,60.0,65.0,68.0,70.0,2010102100,2010102106,2010102118,31.57,34.18,40.03,33.61,34.85,36.98,35.0,35.0,35.0,"{'+6h_subplot_target_timestamp': '2010102100', '+12h_subplot_target_timestamp': '2010102106', '+24h_subplot_target_timestamp': '2010102118', 'x_axis_represents': 'forecast_origin_time_t_elapsed_hours'}"
201004I,Super Cyclone Giri,Validation Split,5,2010102021,15.0,2010102009,2010102012,2010102015,2010102018,2010102021,43.0,50.0,53.0,55.0,60.0,65.0,68.0,70.0,80.0,2010102103,2010102109,2010102121,32.03,35.3,42.45,36.11,36.71,37.52,43.0,43.0,43.0,"{'+6h_subplot_target_timestamp': '2010102103', '+12h_subplot_target_timestamp': '2010102109', '+24h_subplot_target_timestamp': '2010102121', 'x_axis_represents': 'forecast_origin_time_t_elapsed_hours'}"
201004I,Super Cyclone Giri,Validation Split,6,2010102100,18.0,2010102012,2010102015,2010102018,2010102021,2010102100,50.0,53.0,55.0,60.0,65.0,68.0,70.0,80.0,90.0,2010102106,2010102112,2010102200,34.8,39.02,48.01,35.99,40.8,49.61,50.0,50.0,50.0,"{'+6h_subplot_target_timestamp': '2010102106', '+12h_subplot_target_timestamp': '2010102112', '+24h_subplot_target_timestamp': '2010102200', 'x_axis_represents': 'forecast_origin_time_t_elapsed_hours'}"
201004I,Super Cyclone Giri,Validation Split,7,2010102103,21.0,2010102015,2010102018,2010102021,2010102100,2010102103,53.0,55.0,60.0,65.0,68.0,70.0,80.0,90.0,108.0,2010102109,2010102115,2010102203,41.01,47.4,60.92,44.77,50.94,61.84,53.0,53.0,53.0,"{'+6h_subplot_target_timestamp': '2010102109', '+12h_subplot_target_timestamp': '2010102115', '+24h_subplot_target_timestamp': '2010102203', 'x_axis_represents': 'forecast_origin_time_t_elapsed_hours'}"
201004I,Super Cyclone Giri,Validation Split,8,2010102106,24.0,2010102018,2010102021,2010102100,2010102103,2010102106,55.0,60.0,65.0,68.0,70.0,80.0,90.0,108.0,125.0,2010102112,2010102118,2010102206,49.0,54.65,66.18,57.13,62.63,71.38,55.0,55.0,55.0,"{'+6h_subplot_target_timestamp': '2010102112', '+12h_subplot_target_timestamp': '2010102118', '+24h_subplot_target_timestamp': '2010102206', 'x_axis_represents': 'forecast_origin_time_t_elapsed_hours'}"
201004I,Super Cyclone Giri,Validation Split,9,2010102109,27.0,2010102021,2010102100,2010102103,2010102106,2010102109,60.0,65.0,68.0,70.0,80.0,90.0,108.0,125.0,130.0,2010102115,2010102121,2010102209,50.21,55.18,65.08,59.67,60.07,59.16,60.0,60.0,60.0,"{'+6h_subplot_target_timestamp': '2010102115', '+12h_subplot_target_timestamp': '2010102121', '+24h_subplot_target_timestamp': '2010102209', 'x_axis_represents': 'forecast_origin_time_t_elapsed_hours'}"
201004I,Super Cyclone Giri,Validation Split,10,2010102112,30.0,2010102100,2010102103,2010102106,2010102109,2010102112,65.0,68.0,70.0,80.0,90.0,108.0,125.0,130.0,135.0,2010102118,2010102200,2010102212,54.53,58.99,67.56,66.61,63.15,54.71,65.0,65.0,65.0,"{'+6h_subplot_target_timestamp': '2010102118', '+12h_subplot_target_timestamp': '2010102200', '+24h_subplot_target_timestamp': '2010102212', 'x_axis_represents': 'forecast_origin_time_t_elapsed_hours'}"
201004I,Super Cyclone Giri,Validation Split,11,2010102115,33.0,2010102103,2010102106,2010102109,2010102112,2010102115,68.0,70.0,80.0,90.0,108.0,125.0,130.0,135.0,108.0,2010102121,2010102203,2010102215,63.63,67.1,72.57,62.73,61.33,57.07,68.0,68.0,68.0,"{'+6h_subplot_target_timestamp': '2010102121', '+12h_subplot_target_timestamp': '2010102203', '+24h_subplot_target_timestamp': '2010102215', 'x_axis_represents': 'forecast_origin_time_t_elapsed_hours'}"
201004I,Super Cyclone Giri,Validation Split,12,2010102118,36.0,2010102106,2010102109,2010102112,2010102115,2010102118,70.0,80.0,90.0,108.0,125.0,130.0,135.0,108.0,80.0,2010102200,2010102206,2010102218,58.29,63.3,72.95,59.71,58.62,55.01,70.0,70.0,70.0,"{'+6h_subplot_target_timestamp': '2010102200', '+12h_subplot_target_timestamp': '2010102206', '+24h_subplot_target_timestamp': '2010102218', 'x_axis_represents': 'forecast_origin_time_t_elapsed_hours'}"
201004I,Super Cyclone Giri,Validation Split,13,2010102121,39.0,2010102109,2010102112,2010102115,2010102118,2010102121,80.0,90.0,108.0,125.0,130.0,135.0,108.0,80.0,68.0,2010102203,2010102209,2010102221,67.56,73.9,85.46,60.87,61.51,61.01,80.0,80.0,80.0,"{'+6h_subplot_target_timestamp': '2010102203', '+12h_subplot_target_timestamp': '2010102209', '+24h_subplot_target_timestamp': '2010102221', 'x_axis_represents': 'forecast_origin_time_t_elapsed_hours'}"
201004I,Super Cyclone Giri,Validation Split,14,2010102200,42.0,2010102112,2010102115,2010102118,2010102121,2010102200,90.0,108.0,125.0,130.0,135.0,108.0,80.0,68.0,55.0,2010102206,2010102212,2010102300,72.51,80.15,94.14,78.41,83.68,90.32,90.0,90.0,90.0,"{'+6h_subplot_target_timestamp': '2010102206', '+12h_subplot_target_timestamp': '2010102212', '+24h_subplot_target_timestamp': '2010102300', 'x_axis_represents': 'forecast_origin_time_t_elapsed_hours'}"
201004I,Super Cyclone Giri,Validation Split,15,2010102203,45.0,2010102115,2010102118,2010102121,2010102200,2010102203,108.0,125.0,130.0,135.0,108.0,80.0,68.0,55.0,48.0,2010102209,2010102215,2010102303,87.4,90.37,92.98,99.4,102.07,102.08,108.0,108.0,108.0,"{'+6h_subplot_target_timestamp': '2010102209', '+12h_subplot_target_timestamp': '2010102215', '+24h_subplot_target_timestamp': '2010102303', 'x_axis_represents': 'forecast_origin_time_t_elapsed_hours'}"
201004I,Super Cyclone Giri,Validation Split,16,2010102206,48.0,2010102118,2010102121,2010102200,2010102203,2010102206,125.0,130.0,135.0,108.0,80.0,68.0,55.0,48.0,40.0,2010102212,2010102218,2010102306,104.98,108.32,110.26,118.9,119.8,114.77,125.0,125.0,125.0,"{'+6h_subplot_target_timestamp': '2010102212', '+12h_subplot_target_timestamp': '2010102218', '+24h_subplot_target_timestamp': '2010102306', 'x_axis_represents': 'forecast_origin_time_t_elapsed_hours'}"
201004I,Super Cyclone Giri,Validation Split,17,2010102209,51.0,2010102121,2010102200,2010102203,2010102206,2010102209,130.0,135.0,108.0,80.0,68.0,55.0,48.0,40.0,38.0,2010102215,2010102221,2010102309,125.72,120.34,103.65,129.82,126.82,113.88,130.0,130.0,130.0,"{'+6h_subplot_target_timestamp': '2010102215', '+12h_subplot_target_timestamp': '2010102221', '+24h_subplot_target_timestamp': '2010102309', 'x_axis_represents': 'forecast_origin_time_t_elapsed_hours'}"
201004I,Super Cyclone Giri,Validation Split,18,2010102212,54.0,2010102200,2010102203,2010102206,2010102209,2010102212,135.0,108.0,80.0,68.0,55.0,48.0,40.0,38.0,35.0,2010102218,2010102300,2010102312,125.65,120.56,104.5,118.71,111.12,91.4,135.0,135.0,135.0,"{'+6h_subplot_target_timestamp': '2010102218', '+12h_subplot_target_timestamp': '2010102300', '+24h_subplot_target_timestamp': '2010102312', 'x_axis_represents': 'forecast_origin_time_t_elapsed_hours'}"
201004I,Super Cyclone Giri,Validation Split,19,2010102215,57.0,2010102203,2010102206,2010102209,2010102212,2010102215,108.0,80.0,68.0,55.0,48.0,40.0,38.0,35.0,35.0,2010102221,2010102303,2010102315,114.58,108.94,93.28,107.2,98.02,76.56,108.0,108.0,108.0,"{'+6h_subplot_target_timestamp': '2010102221', '+12h_subplot_target_timestamp': '2010102303', '+24h_subplot_target_timestamp': '2010102315', 'x_axis_represents': 'forecast_origin_time_t_elapsed_hours'}"
201004I,Super Cyclone Giri,Validation Split,20,2010102218,60.0,2010102206,2010102209,2010102212,2010102215,2010102218,80.0,68.0,55.0,48.0,40.0,38.0,35.0,35.0,35.0,2010102300,2010102306,2010102318,96.67,89.99,74.4,100.28,91.38,71.18,80.0,80.0,80.0,"{'+6h_subplot_target_timestamp': '2010102300', '+12h_subplot_target_timestamp': '2010102306', '+24h_subplot_target_timestamp': '2010102318', 'x_axis_represents': 'forecast_origin_time_t_elapsed_hours'}"
201004I,Super Cyclone Giri,Validation Split,21,2010102221,63.0,2010102209,2010102212,2010102215,2010102218,2010102221,68.0,55.0,48.0,40.0,38.0,35.0,35.0,35.0,33.0,2010102303,2010102309,2010102321,68.44,56.61,36.59,76.71,66.18,44.63,68.0,68.0,68.0,"{'+6h_subplot_target_timestamp': '2010102303', '+12h_subplot_target_timestamp': '2010102309', '+24h_subplot_target_timestamp': '2010102321', 'x_axis_represents': 'forecast_origin_time_t_elapsed_hours'}"
201004I,Super Cyclone Giri,Validation Split,22,2010102300,66.0,2010102212,2010102215,2010102218,2010102221,2010102300,55.0,48.0,40.0,38.0,35.0,35.0,35.0,33.0,30.0,2010102306,2010102312,2010102400,50.22,43.7,32.01,68.84,59.74,41.19,55.0,55.0,55.0,"{'+6h_subplot_target_timestamp': '2010102306', '+12h_subplot_target_timestamp': '2010102312', '+24h_subplot_target_timestamp': '2010102400', 'x_axis_represents': 'forecast_origin_time_t_elapsed_hours'}"
201306I,VSCS Madi,Training Split,0,2013120518,0.0,2013120506,2013120509,2013120512,2013120515,2013120518,25.0,28.0,30.0,33.0,35.0,38.0,40.0,43.0,45.0,2013120600,2013120606,2013120618,32.33,36.19,44.76,34.83,39.31,47.61,25.0,25.0,25.0,"{'+6h_subplot_target_timestamp': '2013120600', '+12h_subplot_target_timestamp': '2013120606', '+24h_subplot_target_timestamp': '2013120618', 'x_axis_represents': 'forecast_origin_time_t_elapsed_hours'}"
201306I,VSCS Madi,Training Split,1,2013120521,3.0,2013120509,2013120512,2013120515,2013120518,2013120521,28.0,30.0,33.0,35.0,38.0,40.0,43.0,45.0,48.0,2013120603,2013120609,2013120621,32.91,37.06,46.23,37.74,42.69,51.76,28.0,28.0,28.0,"{'+6h_subplot_target_timestamp': '2013120603', '+12h_subplot_target_timestamp': '2013120609', '+24h_subplot_target_timestamp': '2013120621', 'x_axis_represents': 'forecast_origin_time_t_elapsed_hours'}"
201306I,VSCS Madi,Training Split,2,2013120600,6.0,2013120512,2013120515,2013120518,2013120521,2013120600,30.0,33.0,35.0,38.0,40.0,43.0,45.0,48.0,50.0,2013120606,2013120612,2013120700,34.95,40.35,52.33,41.33,46.45,55.72,30.0,30.0,30.0,"{'+6h_subplot_target_timestamp': '2013120606', '+12h_subplot_target_timestamp': '2013120612', '+24h_subplot_target_timestamp': '2013120700', 'x_axis_represents': 'forecast_origin_time_t_elapsed_hours'}"
201306I,VSCS Madi,Training Split,3,2013120603,9.0,2013120515,2013120518,2013120521,2013120600,2013120603,33.0,35.0,38.0,40.0,43.0,45.0,48.0,50.0,53.0,2013120609,2013120615,2013120703,33.03,37.99,48.9,37.68,42.83,52.21,33.0,33.0,33.0,"{'+6h_subplot_target_timestamp': '2013120609', '+12h_subplot_target_timestamp': '2013120615', '+24h_subplot_target_timestamp': '2013120703', 'x_axis_represents': 'forecast_origin_time_t_elapsed_hours'}"
201306I,VSCS Madi,Training Split,4,2013120606,12.0,2013120518,2013120521,2013120600,2013120603,2013120606,35.0,38.0,40.0,43.0,45.0,48.0,50.0,53.0,55.0,2013120612,2013120618,2013120706,40.38,45.07,54.97,41.7,45.9,53.3,35.0,35.0,35.0,"{'+6h_subplot_target_timestamp': '2013120612', '+12h_subplot_target_timestamp': '2013120618', '+24h_subplot_target_timestamp': '2013120706', 'x_axis_represents': 'forecast_origin_time_t_elapsed_hours'}"
201306I,VSCS Madi,Training Split,5,2013120609,15.0,2013120521,2013120600,2013120603,2013120606,2013120609,38.0,40.0,43.0,45.0,48.0,50.0,53.0,55.0,55.0,2013120615,2013120621,2013120709,39.7,44.07,53.25,41.81,46.94,56.15,38.0,38.0,38.0,"{'+6h_subplot_target_timestamp': '2013120615', '+12h_subplot_target_timestamp': '2013120621', '+24h_subplot_target_timestamp': '2013120709', 'x_axis_represents': 'forecast_origin_time_t_elapsed_hours'}"
201306I,VSCS Madi,Training Split,6,2013120612,18.0,2013120600,2013120603,2013120606,2013120609,2013120612,40.0,43.0,45.0,48.0,50.0,53.0,55.0,55.0,55.0,2013120618,2013120700,2013120712,42.81,48.44,60.35,43.57,48.5,57.1,40.0,40.0,40.0,"{'+6h_subplot_target_timestamp': '2013120618', '+12h_subplot_target_timestamp': '2013120700', '+24h_subplot_target_timestamp': '2013120712', 'x_axis_represents': 'forecast_origin_time_t_elapsed_hours'}"
201306I,VSCS Madi,Training Split,7,2013120615,21.0,2013120603,2013120606,2013120609,2013120612,2013120615,43.0,45.0,48.0,50.0,53.0,55.0,55.0,55.0,58.0,2013120621,2013120703,2013120715,45.02,49.55,58.79,45.28,49.58,56.72,43.0,43.0,43.0,"{'+6h_subplot_target_timestamp': '2013120621', '+12h_subplot_target_timestamp': '2013120703', '+24h_subplot_target_timestamp': '2013120715', 'x_axis_represents': 'forecast_origin_time_t_elapsed_hours'}"
201306I,VSCS Madi,Training Split,8,2013120618,24.0,2013120606,2013120609,2013120612,2013120615,2013120618,45.0,48.0,50.0,53.0,55.0,55.0,55.0,58.0,60.0,2013120700,2013120706,2013120718,50.38,54.46,62.56,51.24,53.21,55.73,45.0,45.0,45.0,"{'+6h_subplot_target_timestamp': '2013120700', '+12h_subplot_target_timestamp': '2013120706', '+24h_subplot_target_timestamp': '2013120718', 'x_axis_represents': 'forecast_origin_time_t_elapsed_hours'}"
201306I,VSCS Madi,Training Split,9,2013120621,27.0,2013120609,2013120612,2013120615,2013120618,2013120621,48.0,50.0,53.0,55.0,55.0,55.0,58.0,60.0,63.0,2013120703,2013120709,2013120721,51.62,55.59,63.23,57.13,57.94,58.02,48.0,48.0,48.0,"{'+6h_subplot_target_timestamp': '2013120703', '+12h_subplot_target_timestamp': '2013120709', '+24h_subplot_target_timestamp': '2013120721', 'x_axis_represents': 'forecast_origin_time_t_elapsed_hours'}"
201306I,VSCS Madi,Training Split,10,2013120700,30.0,2013120612,2013120615,2013120618,2013120621,2013120700,50.0,53.0,55.0,55.0,55.0,58.0,60.0,63.0,65.0,2013120706,2013120712,2013120800,55.56,58.18,62.6,57.69,56.2,51.94,50.0,50.0,50.0,"{'+6h_subplot_target_timestamp': '2013120706', '+12h_subplot_target_timestamp': '2013120712', '+24h_subplot_target_timestamp': '2013120800', 'x_axis_represents': 'forecast_origin_time_t_elapsed_hours'}"
201306I,VSCS Madi,Training Split,11,2013120703,33.0,2013120615,2013120618,2013120621,2013120700,2013120703,53.0,55.0,55.0,55.0,58.0,60.0,63.0,65.0,65.0,2013120709,2013120715,2013120803,55.68,57.67,60.7,57.72,57.8,56.49,53.0,53.0,53.0,"{'+6h_subplot_target_timestamp': '2013120709', '+12h_subplot_target_timestamp': '2013120715', '+24h_subplot_target_timestamp': '2013120803', 'x_axis_represents': 'forecast_origin_time_t_elapsed_hours'}"
201306I,VSCS Madi,Training Split,12,2013120706,36.0,2013120618,2013120621,2013120700,2013120703,2013120706,55.0,55.0,55.0,58.0,60.0,63.0,65.0,65.0,65.0,2013120712,2013120718,2013120806,58.58,61.16,65.32,58.28,58.81,58.31,55.0,55.0,55.0,"{'+6h_subplot_target_timestamp': '2013120712', '+12h_subplot_target_timestamp': '2013120718', '+24h_subplot_target_timestamp': '2013120806', 'x_axis_represents': 'forecast_origin_time_t_elapsed_hours'}"
201306I,VSCS Madi,Training Split,13,2013120709,39.0,2013120621,2013120700,2013120703,2013120706,2013120709,55.0,55.0,58.0,60.0,63.0,65.0,65.0,65.0,65.0,2013120715,2013120721,2013120809,61.12,63.64,67.49,64.79,63.86,60.22,55.0,55.0,55.0,"{'+6h_subplot_target_timestamp': '2013120715', '+12h_subplot_target_timestamp': '2013120721', '+24h_subplot_target_timestamp': '2013120809', 'x_axis_represents': 'forecast_origin_time_t_elapsed_hours'}"
201306I,VSCS Madi,Training Split,14,2013120712,42.0,2013120700,2013120703,2013120706,2013120709,2013120712,55.0,58.0,60.0,63.0,65.0,65.0,65.0,65.0,65.0,2013120718,2013120800,2013120812,61.22,63.71,67.55,63.92,62.55,58.16,55.0,55.0,55.0,"{'+6h_subplot_target_timestamp': '2013120718', '+12h_subplot_target_timestamp': '2013120800', '+24h_subplot_target_timestamp': '2013120812', 'x_axis_represents': 'forecast_origin_time_t_elapsed_hours'}"
201306I,VSCS Madi,Training Split,15,2013120715,45.0,2013120703,2013120706,2013120709,2013120712,2013120715,58.0,60.0,63.0,65.0,65.0,65.0,65.0,65.0,65.0,2013120721,2013120803,2013120815,63.83,65.89,68.57,69.08,65.86,57.74,58.0,58.0,58.0,"{'+6h_subplot_target_timestamp': '2013120721', '+12h_subplot_target_timestamp': '2013120803', '+24h_subplot_target_timestamp': '2013120815', 'x_axis_represents': 'forecast_origin_time_t_elapsed_hours'}"
201306I,VSCS Madi,Training Split,16,2013120718,48.0,2013120706,2013120709,2013120712,2013120715,2013120718,60.0,63.0,65.0,65.0,65.0,65.0,65.0,65.0,65.0,2013120800,2013120806,2013120818,66.29,67.08,66.93,65.43,63.02,56.69,60.0,60.0,60.0,"{'+6h_subplot_target_timestamp': '2013120800', '+12h_subplot_target_timestamp': '2013120806', '+24h_subplot_target_timestamp': '2013120818', 'x_axis_represents': 'forecast_origin_time_t_elapsed_hours'}"
201306I,VSCS Madi,Training Split,17,2013120721,51.0,2013120709,2013120712,2013120715,2013120718,2013120721,63.0,65.0,65.0,65.0,65.0,65.0,65.0,65.0,63.0,2013120803,2013120809,2013120821,66.3,68.65,71.8,67.93,63.87,54.35,63.0,63.0,63.0,"{'+6h_subplot_target_timestamp': '2013120803', '+12h_subplot_target_timestamp': '2013120809', '+24h_subplot_target_timestamp': '2013120821', 'x_axis_represents': 'forecast_origin_time_t_elapsed_hours'}"
201306I,VSCS Madi,Training Split,18,2013120800,54.0,2013120712,2013120715,2013120718,2013120721,2013120800,65.0,65.0,65.0,65.0,65.0,65.0,65.0,63.0,60.0,2013120806,2013120812,2013120900,64.48,65.3,65.22,64.92,62.74,56.82,65.0,65.0,65.0,"{'+6h_subplot_target_timestamp': '2013120806', '+12h_subplot_target_timestamp': '2013120812', '+24h_subplot_target_timestamp': '2013120900', 'x_axis_represents': 'forecast_origin_time_t_elapsed_hours'}"
201306I,VSCS Madi,Training Split,19,2013120803,57.0,2013120715,2013120718,2013120721,2013120800,2013120803,65.0,65.0,65.0,65.0,65.0,65.0,63.0,60.0,60.0,2013120809,2013120815,2013120903,68.04,69.29,69.81,66.8,62.64,52.87,65.0,65.0,65.0,"{'+6h_subplot_target_timestamp': '2013120809', '+12h_subplot_target_timestamp': '2013120815', '+24h_subplot_target_timestamp': '2013120903', 'x_axis_represents': 'forecast_origin_time_t_elapsed_hours'}"
201306I,VSCS Madi,Training Split,20,2013120806,60.0,2013120718,2013120721,2013120800,2013120803,2013120806,65.0,65.0,65.0,65.0,65.0,63.0,60.0,60.0,60.0,2013120812,2013120818,2013120906,68.9,71.18,74.01,67.18,67.49,66.01,65.0,65.0,65.0,"{'+6h_subplot_target_timestamp': '2013120812', '+12h_subplot_target_timestamp': '2013120818', '+24h_subplot_target_timestamp': '2013120906', 'x_axis_represents': 'forecast_origin_time_t_elapsed_hours'}"
201306I,VSCS Madi,Training Split,21,2013120809,63.0,2013120721,2013120800,2013120803,2013120806,2013120809,65.0,65.0,65.0,65.0,63.0,60.0,60.0,60.0,63.0,2013120815,2013120821,2013120909,67.07,66.59,63.73,68.57,64.01,53.46,65.0,65.0,65.0,"{'+6h_subplot_target_timestamp': '2013120815', '+12h_subplot_target_timestamp': '2013120821', '+24h_subplot_target_timestamp': '2013120909', 'x_axis_represents': 'forecast_origin_time_t_elapsed_hours'}"
201306I,VSCS Madi,Training Split,22,2013120812,66.0,2013120800,2013120803,2013120806,2013120809,2013120812,65.0,65.0,65.0,63.0,60.0,60.0,60.0,63.0,65.0,2013120818,2013120900,2013120912,63.32,63.27,61.45,67.73,63.64,54.01,65.0,65.0,65.0,"{'+6h_subplot_target_timestamp': '2013120818', '+12h_subplot_target_timestamp': '2013120900', '+24h_subplot_target_timestamp': '2013120912', 'x_axis_represents': 'forecast_origin_time_t_elapsed_hours'}"
201306I,VSCS Madi,Training Split,23,2013120815,69.0,2013120803,2013120806,2013120809,2013120812,2013120815,65.0,65.0,63.0,60.0,60.0,60.0,63.0,65.0,65.0,2013120821,2013120903,2013120915,64.12,64.54,63.76,65.97,60.02,47.18,65.0,65.0,65.0,"{'+6h_subplot_target_timestamp': '2013120821', '+12h_subplot_target_timestamp': '2013120903', '+24h_subplot_target_timestamp': '2013120915', 'x_axis_represents': 'forecast_origin_time_t_elapsed_hours'}"
201306I,VSCS Madi,Training Split,24,2013120818,72.0,2013120806,2013120809,2013120812,2013120815,2013120818,65.0,63.0,60.0,60.0,60.0,63.0,65.0,65.0,65.0,2013120900,2013120906,2013120918,62.82,65.12,68.26,67.61,61.68,48.74,65.0,65.0,65.0,"{'+6h_subplot_target_timestamp': '2013120900', '+12h_subplot_target_timestamp': '2013120906', '+24h_subplot_target_timestamp': '2013120918', 'x_axis_represents': 'forecast_origin_time_t_elapsed_hours'}"
201306I,VSCS Madi,Training Split,25,2013120821,75.0,2013120809,2013120812,2013120815,2013120818,2013120821,63.0,60.0,60.0,60.0,63.0,65.0,65.0,65.0,68.0,2013120903,2013120909,2013120921,61.59,65.0,70.78,64.33,59.38,48.28,63.0,63.0,63.0,"{'+6h_subplot_target_timestamp': '2013120903', '+12h_subplot_target_timestamp': '2013120909', '+24h_subplot_target_timestamp': '2013120921', 'x_axis_represents': 'forecast_origin_time_t_elapsed_hours'}"
201306I,VSCS Madi,Training Split,26,2013120900,78.0,2013120812,2013120815,2013120818,2013120821,2013120900,60.0,60.0,60.0,63.0,65.0,65.0,65.0,68.0,70.0,2013120906,2013120912,2013121000,65.86,69.85,76.71,68.84,64.8,55.14,60.0,60.0,60.0,"{'+6h_subplot_target_timestamp': '2013120906', '+12h_subplot_target_timestamp': '2013120912', '+24h_subplot_target_timestamp': '2013121000', 'x_axis_represents': 'forecast_origin_time_t_elapsed_hours'}"
201306I,VSCS Madi,Training Split,27,2013120903,81.0,2013120815,2013120818,2013120821,2013120900,2013120903,60.0,60.0,63.0,65.0,65.0,65.0,68.0,70.0,78.0,2013120909,2013120915,2013121003,66.75,71.37,79.5,70.29,66.78,58.02,60.0,60.0,60.0,"{'+6h_subplot_target_timestamp': '2013120909', '+12h_subplot_target_timestamp': '2013120915', '+24h_subplot_target_timestamp': '2013121003', 'x_axis_represents': 'forecast_origin_time_t_elapsed_hours'}"
201306I,VSCS Madi,Training Split,28,2013120906,84.0,2013120818,2013120821,2013120900,2013120903,2013120906,60.0,63.0,65.0,65.0,65.0,68.0,70.0,78.0,85.0,2013120912,2013120918,2013121006,65.93,70.68,79.34,73.99,72.74,68.21,60.0,60.0,60.0,"{'+6h_subplot_target_timestamp': '2013120912', '+12h_subplot_target_timestamp': '2013120918', '+24h_subplot_target_timestamp': '2013121006', 'x_axis_represents': 'forecast_origin_time_t_elapsed_hours'}"
201306I,VSCS Madi,Training Split,29,2013120909,87.0,2013120821,2013120900,2013120903,2013120906,2013120909,63.0,65.0,65.0,65.0,68.0,70.0,78.0,85.0,83.0,2013120915,2013120921,2013121009,63.53,70.67,84.59,77.15,76.02,71.5,63.0,63.0,63.0,"{'+6h_subplot_target_timestamp': '2013120915', '+12h_subplot_target_timestamp': '2013120921', '+24h_subplot_target_timestamp': '2013121009', 'x_axis_represents': 'forecast_origin_time_t_elapsed_hours'}"
201306I,VSCS Madi,Training Split,30,2013120912,90.0,2013120900,2013120903,2013120906,2013120909,2013120912,65.0,65.0,65.0,68.0,70.0,78.0,85.0,83.0,80.0,2013120918,2013121000,2013121012,69.94,75.71,85.74,78.25,74.41,64.67,65.0,65.0,65.0,"{'+6h_subplot_target_timestamp': '2013120918', '+12h_subplot_target_timestamp': '2013121000', '+24h_subplot_target_timestamp': '2013121012', 'x_axis_represents': 'forecast_origin_time_t_elapsed_hours'}"
201306I,VSCS Madi,Training Split,31,2013120915,93.0,2013120903,2013120906,2013120909,2013120912,2013120915,65.0,65.0,68.0,70.0,78.0,85.0,83.0,80.0,73.0,2013120921,2013121003,2013121015,73.21,76.42,80.81,73.87,69.27,58.31,65.0,65.0,65.0,"{'+6h_subplot_target_timestamp': '2013120921', '+12h_subplot_target_timestamp': '2013121003', '+24h_subplot_target_timestamp': '2013121015', 'x_axis_represents': 'forecast_origin_time_t_elapsed_hours'}"
201306I,VSCS Madi,Training Split,32,2013120918,96.0,2013120906,2013120909,2013120912,2013120915,2013120918,65.0,68.0,70.0,78.0,85.0,83.0,80.0,73.0,65.0,2013121000,2013121006,2013121018,80.89,80.24,75.81,73.35,69.71,60.43,65.0,65.0,65.0,"{'+6h_subplot_target_timestamp': '2013121000', '+12h_subplot_target_timestamp': '2013121006', '+24h_subplot_target_timestamp': '2013121018', 'x_axis_represents': 'forecast_origin_time_t_elapsed_hours'}"
201306I,VSCS Madi,Training Split,33,2013120921,99.0,2013120909,2013120912,2013120915,2013120918,2013120921,68.0,70.0,78.0,85.0,83.0,80.0,73.0,65.0,58.0,2013121003,2013121009,2013121021,85.77,82.39,72.7,75.51,69.75,56.55,68.0,68.0,68.0,"{'+6h_subplot_target_timestamp': '2013121003', '+12h_subplot_target_timestamp': '2013121009', '+24h_subplot_target_timestamp': '2013121021', 'x_axis_represents': 'forecast_origin_time_t_elapsed_hours'}"
201306I,VSCS Madi,Training Split,34,2013121000,102.0,2013120912,2013120915,2013120918,2013120921,2013121000,70.0,78.0,85.0,83.0,80.0,73.0,65.0,58.0,50.0,2013121006,2013121012,2013121100,84.92,76.35,58.38,73.23,66.52,51.85,70.0,70.0,70.0,"{'+6h_subplot_target_timestamp': '2013121006', '+12h_subplot_target_timestamp': '2013121012', '+24h_subplot_target_timestamp': '2013121100', 'x_axis_represents': 'forecast_origin_time_t_elapsed_hours'}"
201306I,VSCS Madi,Training Split,35,2013121003,105.0,2013120915,2013120918,2013120921,2013121000,2013121003,78.0,85.0,83.0,80.0,73.0,65.0,58.0,50.0,48.0,2013121009,2013121015,2013121103,79.65,71.05,53.48,76.22,69.37,54.25,78.0,78.0,78.0,"{'+6h_subplot_target_timestamp': '2013121009', '+12h_subplot_target_timestamp': '2013121015', '+24h_subplot_target_timestamp': '2013121103', 'x_axis_represents': 'forecast_origin_time_t_elapsed_hours'}"
201306I,VSCS Madi,Training Split,36,2013121006,108.0,2013120918,2013120921,2013121000,2013121003,2013121006,85.0,83.0,80.0,73.0,65.0,58.0,50.0,48.0,45.0,2013121012,2013121018,2013121106,77.94,68.7,50.21,83.02,75.58,58.94,85.0,85.0,85.0,"{'+6h_subplot_target_timestamp': '2013121012', '+12h_subplot_target_timestamp': '2013121018', '+24h_subplot_target_timestamp': '2013121106', 'x_axis_represents': 'forecast_origin_time_t_elapsed_hours'}"
201306I,VSCS Madi,Training Split,37,2013121009,111.0,2013120921,2013121000,2013121003,2013121006,2013121009,83.0,80.0,73.0,65.0,58.0,50.0,48.0,45.0,45.0,2013121015,2013121021,2013121109,72.51,62.53,43.89,68.6,60.1,42.5,83.0,83.0,83.0,"{'+6h_subplot_target_timestamp': '2013121015', '+12h_subplot_target_timestamp': '2013121021', '+24h_subplot_target_timestamp': '2013121109', 'x_axis_represents': 'forecast_origin_time_t_elapsed_hours'}"
201306I,VSCS Madi,Training Split,38,2013121012,114.0,2013121000,2013121003,2013121006,2013121009,2013121012,80.0,73.0,65.0,58.0,50.0,48.0,45.0,45.0,45.0,2013121018,2013121100,2013121112,63.93,53.38,35.39,61.29,53.27,36.93,80.0,80.0,80.0,"{'+6h_subplot_target_timestamp': '2013121018', '+12h_subplot_target_timestamp': '2013121100', '+24h_subplot_target_timestamp': '2013121112', 'x_axis_represents': 'forecast_origin_time_t_elapsed_hours'}"
201306I,VSCS Madi,Training Split,39,2013121015,117.0,2013121003,2013121006,2013121009,2013121012,2013121015,73.0,65.0,58.0,50.0,48.0,45.0,45.0,45.0,38.0,2013121021,2013121103,2013121115,58.83,48.64,31.83,55.12,47.22,31.5,73.0,73.0,73.0,"{'+6h_subplot_target_timestamp': '2013121021', '+12h_subplot_target_timestamp': '2013121103', '+24h_subplot_target_timestamp': '2013121115', 'x_axis_represents': 'forecast_origin_time_t_elapsed_hours'}"
201306I,VSCS Madi,Training Split,40,2013121018,120.0,2013121006,2013121009,2013121012,2013121015,2013121018,65.0,58.0,50.0,48.0,45.0,45.0,45.0,38.0,30.0,2013121100,2013121106,2013121118,49.51,41.27,27.74,47.21,41.15,29.22,65.0,65.0,65.0,"{'+6h_subplot_target_timestamp': '2013121100', '+12h_subplot_target_timestamp': '2013121106', '+24h_subplot_target_timestamp': '2013121118', 'x_axis_represents': 'forecast_origin_time_t_elapsed_hours'}"
201306I,VSCS Madi,Training Split,41,2013121021,123.0,2013121009,2013121012,2013121015,2013121018,2013121021,58.0,50.0,48.0,45.0,45.0,45.0,38.0,30.0,30.0,2013121103,2013121109,2013121121,40.41,35.22,26.17,37.77,35.24,29.96,58.0,58.0,58.0,"{'+6h_subplot_target_timestamp': '2013121103', '+12h_subplot_target_timestamp': '2013121109', '+24h_subplot_target_timestamp': '2013121121', 'x_axis_represents': 'forecast_origin_time_t_elapsed_hours'}"
201306I,VSCS Madi,Training Split,42,2013121100,126.0,2013121012,2013121015,2013121018,2013121021,2013121100,50.0,48.0,45.0,45.0,45.0,38.0,30.0,30.0,30.0,2013121106,2013121112,2013121200,35.91,32.58,26.62,36.39,33.72,28.26,50.0,50.0,50.0,"{'+6h_subplot_target_timestamp': '2013121106', '+12h_subplot_target_timestamp': '2013121112', '+24h_subplot_target_timestamp': '2013121200', 'x_axis_represents': 'forecast_origin_time_t_elapsed_hours'}"
201306I,VSCS Madi,Training Split,43,2013121103,129.0,2013121015,2013121018,2013121021,2013121100,2013121103,48.0,45.0,45.0,45.0,38.0,30.0,30.0,30.0,30.0,2013121109,2013121115,2013121203,32.49,31.11,28.56,31.44,29.72,26.24,48.0,48.0,48.0,"{'+6h_subplot_target_timestamp': '2013121109', '+12h_subplot_target_timestamp': '2013121115', '+24h_subplot_target_timestamp': '2013121203', 'x_axis_represents': 'forecast_origin_time_t_elapsed_hours'}"
201306I,VSCS Madi,Training Split,44,2013121106,132.0,2013121018,2013121021,2013121100,2013121103,2013121106,45.0,45.0,45.0,38.0,30.0,30.0,30.0,30.0,30.0,2013121112,2013121118,2013121206,31.9,30.89,28.93,31.53,30.07,27.09,45.0,45.0,45.0,"{'+6h_subplot_target_timestamp': '2013121112', '+12h_subplot_target_timestamp': '2013121118', '+24h_subplot_target_timestamp': '2013121206', 'x_axis_represents': 'forecast_origin_time_t_elapsed_hours'}"
201306I,VSCS Madi,Training Split,45,2013121109,135.0,2013121021,2013121100,2013121103,2013121106,2013121109,45.0,45.0,38.0,30.0,30.0,30.0,30.0,30.0,28.0,2013121115,2013121121,2013121209,31.51,30.75,29.11,30.04,28.55,25.61,45.0,45.0,45.0,"{'+6h_subplot_target_timestamp': '2013121115', '+12h_subplot_target_timestamp': '2013121121', '+24h_subplot_target_timestamp': '2013121209', 'x_axis_represents': 'forecast_origin_time_t_elapsed_hours'}"
201306I,VSCS Madi,Training Split,46,2013121112,138.0,2013121100,2013121103,2013121106,2013121109,2013121112,45.0,38.0,30.0,30.0,30.0,30.0,30.0,28.0,25.0,2013121118,2013121200,2013121212,32.56,31.58,29.48,29.48,28.22,25.68,45.0,45.0,45.0,"{'+6h_subplot_target_timestamp': '2013121118', '+12h_subplot_target_timestamp': '2013121200', '+24h_subplot_target_timestamp': '2013121212', 'x_axis_represents': 'forecast_origin_time_t_elapsed_hours'}"
201306I,VSCS Madi,Training Split,47,2013121115,141.0,2013121103,2013121106,2013121109,2013121112,2013121115,38.0,30.0,30.0,30.0,30.0,30.0,28.0,25.0,25.0,2013121121,2013121203,2013121215,31.41,30.05,27.53,28.74,27.28,24.35,38.0,38.0,38.0,"{'+6h_subplot_target_timestamp': '2013121121', '+12h_subplot_target_timestamp': '2013121203', '+24h_subplot_target_timestamp': '2013121215', 'x_axis_represents': 'forecast_origin_time_t_elapsed_hours'}"
201306I,VSCS Madi,Training Split,48,2013121118,144.0,2013121106,2013121109,2013121112,2013121115,2013121118,30.0,30.0,30.0,30.0,30.0,28.0,25.0,25.0,25.0,2013121200,2013121206,2013121218,30.06,28.4,25.39,31.96,29.96,25.92,30.0,30.0,30.0,"{'+6h_subplot_target_timestamp': '2013121200', '+12h_subplot_target_timestamp': '2013121206', '+24h_subplot_target_timestamp': '2013121218', 'x_axis_represents': 'forecast_origin_time_t_elapsed_hours'}"
